artist_id,biography,confidence_score,created_at,failure_reason,genres_json,hero_asset,location,name,official_label_profile_url,official_website_url,publication_status,record_company_id,slug,source_evidence_json,updated_at
rca_f0860652,"Argus were a local Melbourne band, comprising of mates who had been to school together and formed the traditional garage band at home. The core of the band was Fabio Versace (Vocals/Drums), Peter Cook (Guitar) and Joe Maestro (Bass). They later went on to form Stealer which shows their progression, and then tour nationally.",0.99,2026-07-25T03:28:27.319Z,,"[""garage""]","https://static.wixstatic.com/media/9acc25_e7a33bd9f61f43bc96684220d1f0753f.png/v1/fit/w_2500,h_1330,al_c/9acc25_e7a33bd9f61f43bc96684220d1f0753f.png",Melbourne,Argus,https://www.lanewaymusic.com.au/argus,,published,rc_b9181116,argus-71ced6,"[{""fieldName"":""biography"",""sourceUrl"":""https://www.lanewaymusic.com.au/argus"",""summary"":""Argus band history and members"",""confidenceScore"":1,""checkedAt"":""2026-07-25T03:28:53.161Z""},{""fieldName"":""genres"",""sourceUrl"":""https://www.lanewaymusic.com.au/argus"",""summary"":""garage band"",""confidenceScore"":1,""checkedAt"":""2026-07-25T03:28:53.161Z""},{""fieldName"":""location"",""sourceUrl"":""https://www.lanewaymusic.com.au/argus"",""summary"":""Melbourne"",""confidenceScore"":1,""checkedAt"":""2026-07-25T03:28:53.161Z""},{""fieldName"":""officialWebsiteUrl"",""sourceUrl"":""https://www.lanewaymusic.com.au/argus"",""summary"":""no official website URL"",""confidenceScore"":1,""checkedAt"":""2026-07-25T03:28:53.161Z""},{""fieldName"":""heroAsset"",""sourceUrl"":""https://www.lanewaymusic.com.au/argus"",""summary"":""no hero asset URL"",""confidenceScore"":1,""checkedAt"":""2026-07-25T03:28:53.161Z""}]",2026-07-25T04:54:34.143Z
rca_f5bd2db2,,0.99,2026-07-25T03:28:27.319Z,Identity confidence 90% is below 98%.,[],,,Bakery,https://www.lanewaymusic.com.au/bakery,,skipped,rc_b9181116,bakery-1fec2e,"[{""fieldName"":""roster_membership"",""sourceUrl"":""https://www.lanewaymusic.com.au/"",""summary"":""Listed as Bakery on the official roster."",""confidenceScore"":0.99,""checkedAt"":""2026-07-25T03:28:27.319Z""}]",2026-07-25T04:54:34.143Z
rca_4b5164d5,,0.99,2026-07-25T03:28:27.319Z,Identity confidence 90% is below 98%.,[],,,Bengal Tigers,https://www.lanewaymusic.com.au/bengaltigers,,skipped,rc_b9181116,bengal-tigers-c4538a,"[{""fieldName"":""roster_membership"",""sourceUrl"":""https://www.lanewaymusic.com.au/"",""summary"":""Listed as Bengal Tigers on the official roster."",""confidenceScore"":0.99,""checkedAt"":""2026-07-25T03:28:27.319Z""}]",2026-07-25T04:54:34.143Z
rca_84a61071,,0.99,2026-07-25T03:28:27.319Z,Identity confidence 90% is below 98%.,[],,,Big Heavy Stuff,https://www.lanewaymusic.com.au/big-heavy-stuff,,skipped,rc_b9181116,big-heavy-stuff-cb1027,"[{""fieldName"":""roster_membership"",""sourceUrl"":""https://www.lanewaymusic.com.au/"",""summary"":""Listed as Big Heavy Stuff on the official roster."",""confidenceScore"":0.99,""checkedAt"":""2026-07-25T03:28:27.319Z""}]",2026-07-25T04:54:34.143Z
rca_26e83b0c,"Billy Miller has been a part of the Australian Music scene since the early seventies, performing with The Ferrets, Billy Millers Great Blokes and The Spaniards. He has worked across the Australian music scene for over 40 years and is still bringing us incredible music to this day.",0.99,2026-07-25T03:28:27.319Z,,"[""rock""]","https://static.wixstatic.com/media/9acc25_e7a33bd9f61f43bc96684220d1f0753f.png/v1/fit/w_2500,h_1330,al_c/9acc25_e7a33bd9f61f43bc96684220d1f0753f.png",Australia,Billy Miller,https://www.lanewaymusic.com.au/billy-miller,,published,rc_b9181116,billy-miller-3f9ad1,"[{""fieldName"":""biography"",""sourceUrl"":""https://www.lanewaymusic.com.au/billy-miller"",""summary"":""Biographical information about Billy Miller's music career"",""confidenceScore"":1,""checkedAt"":""2026-07-25T03:29:45.988Z""},{""fieldName"":""genres"",""sourceUrl"":""https://www.lanewaymusic.com.au/billy-miller"",""summary"":""Genre information inferred from the context of the biography"",""confidenceScore"":0.5,""checkedAt"":""2026-07-25T03:29:45.988Z""},{""fieldName"":""location"",""sourceUrl"":""https://www.lanewaymusic.com.au/billy-miller"",""summary"":""Location mentioned as Australia in the biography"",""confidenceScore"":1,""checkedAt"":""2026-07-25T03:29:45.988Z""},{""fieldName"":""officialWebsiteUrl"",""sourceUrl"":""https://www.lanewaymusic.com.au/billy-miller"",""summary"":""No official website URL found on the page"",""confidenceScore"":1,""checkedAt"":""2026-07-25T03:29:45.988Z""},{""fieldName"":""heroAsset"",""sourceUrl"":""https://www.lanewaymusic.com.au/billy-miller"",""summary"":""No hero asset URL found on the page"",""confidenceScore"":1,""checkedAt"":""2026-07-25T03:29:45.988Z""}]",2026-07-25T04:54:34.143Z
rca_effd9d86,"Billy T was formed by Ross Hannaford and Joe Creighton in Queensland, later joined by Russell Smith and Mick Holden. They played a mix of Reggae, Soul, Funk, and Rock in Melbourne, releasing 3 singles and their debut LP 'No Definitions'. The band had a successful run in the Australian pub circuit with their unique blend of blue-eyed soul and reggae.",0.99,2026-07-25T03:28:27.319Z,,"[""Reggae"",""Soul"",""Funk"",""Rock""]","https://static.wixstatic.com/media/9acc25_e7a33bd9f61f43bc96684220d1f0753f.png/v1/fit/w_2500,h_1330,al_c/9acc25_e7a33bd9f61f43bc96684220d1f0753f.png","Melbourne, Queensland, Australia",Billy T,https://www.lanewaymusic.com.au/billyt,,published,rc_b9181116,billy-t-3ed203,"[{""fieldName"":""biography"",""sourceUrl"":""https://www.lanewaymusic.com.au/billyt"",""summary"":""The biography of Billy T, including formation, members, and music style."",""confidenceScore"":1,""checkedAt"":""2026-07-25T03:30:07.537Z""},{""fieldName"":""genres"",""sourceUrl"":""https://www.lanewaymusic.com.au/billyt"",""summary"":""The genres of music played by Billy T, mentioned as Reggae, Soul, Funk, and Rock."",""confidenceScore"":1,""checkedAt"":""2026-07-25T03:30:07.537Z""},{""fieldName"":""location"",""sourceUrl"":""https://www.lanewaymusic.com.au/billyt"",""summary"":""The location where Billy T played, mentioned as Melbourne, and formed in Queensland."",""confidenceScore"":1,""checkedAt"":""2026-07-25T03:30:07.537Z""},{""fieldName"":""officialWebsiteUrl"",""sourceUrl"":""https://www.lanewaymusic.com.au/billyt"",""summary"":""There is no official website URL mentioned for Billy T."",""confidenceScore"":1,""checkedAt"":""2026-07-25T03:30:07.537Z""},{""fieldName"":""heroAsset"",""sourceUrl"":""https://www.lanewaymusic.com.au/billyt"",""summary"":""There is no hero asset image URL mentioned for Billy T."",""confidenceScore"":1,""checkedAt"":""2026-07-25T03:30:07.537Z""}]",2026-07-25T04:54:34.143Z
rca_6c287f3b,"Bitter Sweet Kicks are a band from St Kilda, playing garage rock blues with a dose of punk. They have been playing Australia's pubs and venues since 2006, known for energetic live shows leaving the stage covered in blood, sweat, and broken glass. Their music is a mix of raw riffs, powerful bass lines, and great frontman Jack Kicks who leaves everything behind during the show.",0.99,2026-07-25T03:28:27.319Z,,"[""garage rock"",""blues"",""punk""]","https://static.wixstatic.com/media/9acc25_8fabbb9586b340cea17d20757bc6b0db~mv2.jpg/v1/fill/w_750,h_500,al_c/9acc25_8fabbb9586b340cea17d20757bc6b0db~mv2.jpg",St Kilda,Bitter Sweet Kicks,https://www.lanewaymusic.com.au/bittersweetkicks,,published,rc_b9181116,bitter-sweet-kicks-aafd57,"[{""fieldName"":""biography"",""sourceUrl"":""https://www.lanewaymusic.com.au/bittersweetkicks"",""summary"":""Biographical information about Bitter Sweet Kicks"",""confidenceScore"":1,""checkedAt"":""2026-07-25T03:30:26.594Z""},{""fieldName"":""genres"",""sourceUrl"":""https://www.lanewaymusic.com.au/bittersweetkicks"",""summary"":""Genres played by Bitter Sweet Kicks"",""confidenceScore"":1,""checkedAt"":""2026-07-25T03:30:26.594Z""},{""fieldName"":""location"",""sourceUrl"":""https://www.lanewaymusic.com.au/bittersweetkicks"",""summary"":""Location of Bitter Sweet Kicks"",""confidenceScore"":1,""checkedAt"":""2026-07-25T03:30:26.594Z""},{""fieldName"":""officialWebsiteUrl"",""sourceUrl"":""https://www.lanewaymusic.com.au/bittersweetkicks"",""summary"":""No official website URL found"",""confidenceScore"":1,""checkedAt"":""2026-07-25T03:30:26.594Z""},{""fieldName"":""heroAsset"",""sourceUrl"":""https://www.lanewaymusic.com.au/bittersweetkicks"",""summary"":""No hero asset image URL found"",""confidenceScore"":1,""checkedAt"":""2026-07-25T03:30:26.594Z""}]",2026-07-25T04:54:34.143Z
rca_cb748670,,0.99,2026-07-25T03:28:27.319Z,Identity confidence 80% is below 98%.,[],,,Blackfeather,https://www.lanewaymusic.com.au/blackfeather,,skipped,rc_b9181116,blackfeather-de04eb,"[{""fieldName"":""roster_membership"",""sourceUrl"":""https://www.lanewaymusic.com.au/"",""summary"":""Listed as Blackfeather on the official roster."",""confidenceScore"":0.99,""checkedAt"":""2026-07-25T03:28:27.319Z""}]",2026-07-25T04:54:34.143Z
rca_48348038,,0.99,2026-07-25T03:28:27.319Z,Identity confidence 90% is below 98%.,[],,,Buzz & The Pickups,https://www.lanewaymusic.com.au/buzzandthepickups,,skipped,rc_b9181116,buzz-and-the-pickups-72b30a,"[{""fieldName"":""roster_membership"",""sourceUrl"":""https://www.lanewaymusic.com.au/"",""summary"":""Listed as Buzz & The Pickups on the official roster."",""confidenceScore"":0.99,""checkedAt"":""2026-07-25T03:28:27.319Z""}]",2026-07-25T04:54:34.143Z
rca_992a163c,"Cattletruck, led by Paul Janovskis, emerged in the 80's as a semi-acoustic punkabilly covers outfit in Melbourne's St Kilda scene. They gained notoriety for playing anywhere, anytime, and eventually went electric, earning a following and a major record deal. After 30 years, Janovskis revives his past, performing 80's singles with a new five-piece band.",0.99,2026-07-25T03:28:27.319Z,,"[""punkabilly"",""rock'n'roll""]","https://static.wixstatic.com/media/9acc25_e7a33bd9f61f43bc96684220d1f0753f.png/v1/fit/w_2500,h_1330,al_c/9acc25_e7a33bd9f61f43bc96684220d1f0753f.png","Melbourne, Australia",Cattletruck,https://www.lanewaymusic.com.au/cattletruck,,published,rc_b9181116,cattletruck-dbdc81,"[{""fieldName"":""biography"",""sourceUrl"":""https://www.lanewaymusic.com.au/cattletruck"",""summary"":""The official Laneway Music page for Cattletruck provides a detailed biography of the artist."",""confidenceScore"":1,""checkedAt"":""2026-07-25T03:31:07.054Z""},{""fieldName"":""genres"",""sourceUrl"":""https://www.lanewaymusic.com.au/cattletruck"",""summary"":""The page mentions 'punkabilly' and 'rock'n'roll' as genres associated with Cattletruck."",""confidenceScore"":1,""checkedAt"":""2026-07-25T03:31:07.054Z""},{""fieldName"":""location"",""sourceUrl"":""https://www.lanewaymusic.com.au/cattletruck"",""summary"":""The page mentions Melbourne's St Kilda scene as the origin of Cattletruck."",""confidenceScore"":1,""checkedAt"":""2026-07-25T03:31:07.054Z""},{""fieldName"":""officialWebsiteUrl"",""sourceUrl"":""https://www.lanewaymusic.com.au/cattletruck"",""summary"":""No official website URL is present on the page."",""confidenceScore"":1,""checkedAt"":""2026-07-25T03:31:07.054Z""},{""fieldName"":""heroAsset"",""sourceUrl"":""https://www.lanewaymusic.com.au/cattletruck"",""summary"":""No hero asset image URL is present on the page."",""confidenceScore"":1,""checkedAt"":""2026-07-25T03:31:07.054Z""}]",2026-07-25T04:54:34.143Z
rca_3b86e060,,0.99,2026-07-25T03:28:27.319Z,Identity confidence 80% is below 98%.,[],,,Celibate Rifles,https://www.lanewaymusic.com.au/celibaterifles,,skipped,rc_b9181116,celibate-rifles-8e3909,"[{""fieldName"":""roster_membership"",""sourceUrl"":""https://www.lanewaymusic.com.au/"",""summary"":""Listed as Celibate Rifles on the official roster."",""confidenceScore"":0.99,""checkedAt"":""2026-07-25T03:28:27.319Z""}]",2026-07-25T04:54:34.143Z
rca_5fe1f13f,Chain is the most influential blues/rock band in Australia since the late sixties and early seventies. They have put an Australian style on blues music and were known for their dedication to original music. Chain became an iconic symbol for the working class and performed songs representing the anti-Vietnam War movement and alternative life-style people.,0.99,2026-07-25T03:28:27.319Z,,"[""blues"",""rock""]","https://static.wixstatic.com/media/9acc25_e7a33bd9f61f43bc96684220d1f0753f.png/v1/fit/w_2500,h_1330,al_c/9acc25_e7a33bd9f61f43bc96684220d1f0753f.png",Australia,Chain,https://www.lanewaymusic.com.au/chain,,published,rc_b9181116,chain-921288,"[{""fieldName"":""biography"",""sourceUrl"":""https://www.lanewaymusic.com.au/chain"",""summary"":""Biographical information about Chain"",""confidenceScore"":1,""checkedAt"":""2026-07-25T03:31:45.695Z""},{""fieldName"":""genres"",""sourceUrl"":""https://www.lanewaymusic.com.au/chain"",""summary"":""Music genres associated with Chain"",""confidenceScore"":1,""checkedAt"":""2026-07-25T03:31:45.695Z""},{""fieldName"":""location"",""sourceUrl"":""https://www.lanewaymusic.com.au/chain"",""summary"":""Location associated with Chain"",""confidenceScore"":1,""checkedAt"":""2026-07-25T03:31:45.695Z""}]",2026-07-25T04:54:34.143Z
rca_f3bd4eba,"Charlie Marshall & The Body Electric were a definitive Melbourne band of the 1990s, known for dark passion and intense energy. They featured Charlie Marshall's songwriting, alongside Jim White, Warren Ellis, Brian Hooper, and Darren Seltmann. Previously, Charlie formed Harem Scarem in the 1980s. The Body Electric blended blues, soul, and rock with craft inspired by Brian Wilson, J Mascis, and Jimmy Webb.",0.99,2026-07-25T03:28:27.319Z,,"[""blues"",""rock"",""soul""]","https://static.wixstatic.com/media/9acc25_e7a33bd9f61f43bc96684220d1f0753f.png/v1/fit/w_2500,h_1330,al_c/9acc25_e7a33bd9f61f43bc96684220d1f0753f.png",Melbourne,Charlie Marshall / Body Electric,https://www.lanewaymusic.com.au/charliemarshall-bodyelectric,,published,rc_b9181116,charlie-marshall-body-electric-4a979a,"[{""fieldName"":""biography"",""sourceUrl"":""https://www.lanewaymusic.com.au/charliemarshall-bodyelectric"",""summary"":""Official artist page providing biographical information about Charlie Marshall & The Body Electric"",""confidenceScore"":1,""checkedAt"":""2026-07-25T03:32:07.900Z""},{""fieldName"":""genres"",""sourceUrl"":""https://www.lanewaymusic.com.au/charliemarshall-bodyelectric"",""summary"":""Genres inferred from biographical text describing the band's sound"",""confidenceScore"":0.8,""checkedAt"":""2026-07-25T03:32:07.900Z""},{""fieldName"":""location"",""sourceUrl"":""https://www.lanewaymusic.com.au/charliemarshall-bodyelectric"",""summary"":""Location explicitly mentioned as Melbourne"",""confidenceScore"":1,""checkedAt"":""2026-07-25T03:32:07.900Z""},{""fieldName"":""officialWebsiteUrl"",""sourceUrl"":""https://www.lanewaymusic.com.au/charliemarshall-bodyelectric"",""summary"":""No official website URL present on the page"",""confidenceScore"":1,""checkedAt"":""2026-07-25T03:32:07.900Z""},{""fieldName"":""heroAsset"",""sourceUrl"":""https://www.lanewaymusic.com.au/charliemarshall-bodyelectric"",""summary"":""No hero asset image URL present on the page"",""confidenceScore"":1,""checkedAt"":""2026-07-25T03:32:07.900Z""}]",2026-07-25T04:54:34.143Z
rca_5ce31262,"Charlie Marshall & The Curious Minds is the latest project of Melbourne singer, songwriter and science teacher Charlie Marshall. The band fuses poetic science and philosophy with dynamic rock arrangements, celebrating the universe's beauty and mystery. Their album Sublime features intelligent lyrics and a range of sounds.",0.99,2026-07-25T03:28:27.319Z,,"[""rock""]","https://static.wixstatic.com/media/9acc25_e7a33bd9f61f43bc96684220d1f0753f.png/v1/fit/w_2500,h_1330,al_c/9acc25_e7a33bd9f61f43bc96684220d1f0753f.png",Melbourne,Charlie Marshall / Curious Minds,https://www.lanewaymusic.com.au/charliemarshall-curiousminds,,published,rc_b9181116,charlie-marshall-curious-minds-5bec35,"[{""fieldName"":""biography"",""sourceUrl"":""https://www.lanewaymusic.com.au/charliemarshall-curiousminds"",""summary"":""Official artist page with biography and project details"",""confidenceScore"":1,""checkedAt"":""2026-07-25T03:32:28.072Z""},{""fieldName"":""genres"",""sourceUrl"":""https://www.lanewaymusic.com.au/charliemarshall-curiousminds"",""summary"":""Inferred from description of band's sound and style"",""confidenceScore"":0.8,""checkedAt"":""2026-07-25T03:32:28.072Z""},{""fieldName"":""location"",""sourceUrl"":""https://www.lanewaymusic.com.au/charliemarshall-curiousminds"",""summary"":""Explicitly mentioned as Melbourne"",""confidenceScore"":1,""checkedAt"":""2026-07-25T03:32:28.072Z""},{""fieldName"":""officialWebsiteUrl"",""sourceUrl"":""https://www.lanewaymusic.com.au/charliemarshall-curiousminds"",""summary"":""Not present on the official artist page"",""confidenceScore"":1,""checkedAt"":""2026-07-25T03:32:28.072Z""},{""fieldName"":""heroAsset"",""sourceUrl"":""https://www.lanewaymusic.com.au/charliemarshall-curiousminds"",""summary"":""Not present on the official artist page"",""confidenceScore"":1,""checkedAt"":""2026-07-25T03:32:28.072Z""}]",2026-07-25T04:54:34.143Z
rca_132f9f23,"The Chosen Few, originally Deathwish, formed in Australia's Mornington Peninsula. Deathwish played from 1976-1977 before evolving into The Chosen Few. The band's music was influenced by Radio Birdman and US punk rock bands. They released a 6-track EP and several albums before disbanding in 1979.",0.99,2026-07-25T03:28:27.319Z,,"[""Punk Rock"",""Classic Rock""]","https://static.wixstatic.com/media/9acc25_e7a33bd9f61f43bc96684220d1f0753f.png/v1/fit/w_2500,h_1330,al_c/9acc25_e7a33bd9f61f43bc96684220d1f0753f.png","Mornington Peninsula, Australia",Chosen Few/Deathwish,https://www.lanewaymusic.com.au/thechosenfew-deathwish,,published,rc_b9181116,chosen-few-deathwish-267abb,"[{""fieldName"":""biography"",""sourceUrl"":""https://www.lanewaymusic.com.au/thechosenfew-deathwish"",""summary"":""The official Laneway Music page provides a detailed biography of The Chosen Few/Deathwish."",""confidenceScore"":1,""checkedAt"":""2026-07-25T03:32:50.203Z""},{""fieldName"":""genres"",""sourceUrl"":""https://www.lanewaymusic.com.au/thechosenfew-deathwish"",""summary"":""The page mentions influences from US punk rock bands like The Stooges and MC5, and harder-edged 60s rock tracks."",""confidenceScore"":1,""checkedAt"":""2026-07-25T03:32:50.203Z""},{""fieldName"":""location"",""sourceUrl"":""https://www.lanewaymusic.com.au/thechosenfew-deathwish"",""summary"":""The page explicitly states that the band is from Australia's Mornington Peninsula."",""confidenceScore"":1,""checkedAt"":""2026-07-25T03:32:50.203Z""},{""fieldName"":""officialWebsiteUrl"",""sourceUrl"":""https://www.lanewaymusic.com.au/thechosenfew-deathwish"",""summary"":""There is no official website URL mentioned on the page."",""confidenceScore"":1,""checkedAt"":""2026-07-25T03:32:50.203Z""},{""fieldName"":""heroAsset"",""sourceUrl"":""https://www.lanewaymusic.com.au/thechosenfew-deathwish"",""summary"":""There is no hero asset image URL mentioned on the page."",""confidenceScore"":1,""checkedAt"":""2026-07-25T03:32:50.203Z""}]",2026-07-25T04:54:34.143Z
rca_557605fc,"Chris Stockley, guitarist and former member of Roadrunners and Delta Set, co-founded psychedelic rock group Cam-Pact in 1967. He later joined Axiom, achieving top ten hits, and The Dingoes. Stockley has performed with numerous Australian artists and regularly tours the country.",0.99,2026-07-25T03:28:27.319Z,,"[""rock"",""psychedelic rock""]","https://static.wixstatic.com/media/9acc25_e7a33bd9f61f43bc96684220d1f0753f.png/v1/fit/w_2500,h_1330,al_c/9acc25_e7a33bd9f61f43bc96684220d1f0753f.png",,Chris Stockley,https://www.lanewaymusic.com.au/chris-stockley,,published,rc_b9181116,chris-stockley-a70656,"[{""0"":""biography"",""1"":""https://www.lanewaymusic.com.au/chris-stockley"",""2"":""Official artist page with biography and career details"",""3"":1,""sourceUrl"":""https://www.lanewaymusic.com.au/chris-stockley"",""checkedAt"":""2026-07-25T03:33:16.271Z""},{""0"":""genres"",""1"":""https://www.lanewaymusic.com.au/chris-stockley"",""2"":""Genres mentioned: psychedelic rock, rock"",""3"":1,""sourceUrl"":""https://www.lanewaymusic.com.au/chris-stockley"",""checkedAt"":""2026-07-25T03:33:16.271Z""}]",2026-07-25T04:54:34.143Z
rca_53aede90,"Chris Turner started playing guitar in London in 1961, playing with artists like Bowie and The Small Faces. He later moved to New Zealand and then Sydney, forming his own band 'Drain' and joining Buffalo. Chris continued to play with his own band and collaborated with Rose Tattoo and others. In 1983, he formed the Scattered Aces, releasing a critically acclaimed EP.",0.99,2026-07-25T03:28:27.319Z,,"[""rock"",""hard rock""]","https://static.wixstatic.com/media/9acc25_e7a33bd9f61f43bc96684220d1f0753f.png/v1/fit/w_2500,h_1330,al_c/9acc25_e7a33bd9f61f43bc96684220d1f0753f.png",Sydney,Chris Turner,https://www.lanewaymusic.com.au/chris-turner,,published,rc_b9181116,chris-turner-b28afc,"[{""0"":""biography"",""1"":""https://www.lanewaymusic.com.au/chris-turner"",""2"":""Official artist page with biography"",""3"":1,""sourceUrl"":""https://www.lanewaymusic.com.au/chris-turner"",""checkedAt"":""2026-07-25T03:33:38.407Z""},{""0"":""genres"",""1"":""https://www.lanewaymusic.com.au/chris-turner"",""2"":""Inferred from biography mentioning rock and hard rock"",""3"":1,""sourceUrl"":""https://www.lanewaymusic.com.au/chris-turner"",""checkedAt"":""2026-07-25T03:33:38.407Z""},{""0"":""location"",""1"":""https://www.lanewaymusic.com.au/chris-turner"",""2"":""Biography mentions Sydney as place of residence"",""3"":1,""sourceUrl"":""https://www.lanewaymusic.com.au/chris-turner"",""checkedAt"":""2026-07-25T03:33:38.407Z""},{""0"":""officialWebsiteUrl"",""1"":""https://www.lanewaymusic.com.au/chris-turner"",""2"":""No official website URL mentioned"",""3"":0,""sourceUrl"":""https://www.lanewaymusic.com.au/chris-turner"",""checkedAt"":""2026-07-25T03:33:38.407Z""},{""0"":""heroAsset"",""1"":""https://www.lanewaymusic.com.au/chris-turner"",""2"":""No hero asset image URL mentioned"",""3"":0,""sourceUrl"":""https://www.lanewaymusic.com.au/chris-turner"",""checkedAt"":""2026-07-25T03:33:38.407Z""}]",2026-07-25T04:54:34.143Z
rca_8361f035,"Christopher Marshall co-founded Australian blues rock group Harem Scarem in 1982 with his brother Charlie. After the group disbanded in 1989, Marshall formed the Christopher Marshall Band in 1997. He released a solo album, Strange Waters, Small Mercies, in 1998. After a long hiatus, Marshall returned to live music in 2019 with the Christopher Marshall Predestination and released a career retrospective album, The Dog Beneath the Skin.",0.99,2026-07-25T03:28:27.319Z,,"[""blues rock""]","https://static.wixstatic.com/media/9acc25_e7a33bd9f61f43bc96684220d1f0753f.png/v1/fit/w_2500,h_1330,al_c/9acc25_e7a33bd9f61f43bc96684220d1f0753f.png",Australia,Christopher Marshall,https://www.lanewaymusic.com.au/christophermarshall,,published,rc_b9181116,christopher-marshall-fd8ecb,"[{""fieldName"":""biography"",""sourceUrl"":""https://www.lanewaymusic.com.au/christophermarshall"",""summary"":""The biography of Christopher Marshall on the Laneway Music website."",""confidenceScore"":1,""checkedAt"":""2026-07-25T03:34:59.378Z""},{""fieldName"":""genres"",""sourceUrl"":""https://www.lanewaymusic.com.au/christophermarshall"",""summary"":""The genre of music associated with Christopher Marshall on the Laneway Music website."",""confidenceScore"":1,""checkedAt"":""2026-07-25T03:34:59.378Z""},{""fieldName"":""location"",""sourceUrl"":""https://www.lanewaymusic.com.au/christophermarshall"",""summary"":""The location associated with Christopher Marshall on the Laneway Music website."",""confidenceScore"":1,""checkedAt"":""2026-07-25T03:34:59.378Z""}]",2026-07-25T04:54:34.143Z
rca_90df432c,,0.99,2026-07-25T03:28:27.319Z,Identity confidence 80% is below 98%.,[],,,City Sharps,https://www.lanewaymusic.com.au/citysharps,,skipped,rc_b9181116,city-sharps-454fd2,"[{""fieldName"":""roster_membership"",""sourceUrl"":""https://www.lanewaymusic.com.au/"",""summary"":""Listed as City Sharps on the official roster."",""confidenceScore"":0.99,""checkedAt"":""2026-07-25T03:28:27.319Z""}]",2026-07-25T04:54:34.143Z
rca_89d26d9e,,0.99,2026-07-25T03:28:27.319Z,Identity confidence 90% is below 98%.,[],,,Crash Politics,https://www.lanewaymusic.com.au/crashpolitics,,skipped,rc_b9181116,crash-politics-ef1653,"[{""fieldName"":""roster_membership"",""sourceUrl"":""https://www.lanewaymusic.com.au/"",""summary"":""Listed as Crash Politics on the official roster."",""confidenceScore"":0.99,""checkedAt"":""2026-07-25T03:28:27.319Z""}]",2026-07-25T04:54:34.143Z
rca_653de027,"Damien Lovelock was one of Australia's most enigmatic performers, best known for his band The Celibate Rifles and their string of hard rock albums. He also had solo albums, including the critically acclaimed song 'On a Blue Phone at the Green Iguana'. Lovelock was a TV and Radio presenter, known for his knowledge and love of football. He passed away of cancer in August 2019.",0.99,2026-07-25T03:28:27.319Z,,"[""hard rock""]","https://static.wixstatic.com/media/9acc25_cf68071f40934272b262dd69b0d34e6e~mv2.jpg/v1/fill/w_299,h_224,al_c/9acc25_cf68071f40934272b262dd69b0d34e6e~mv2.jpg",Australia,Damien Lovelock,https://www.lanewaymusic.com.au/damienlovelock,,published,rc_b9181116,damien-lovelock-8b02ea,"[{""fieldName"":""biography"",""sourceUrl"":""https://www.lanewaymusic.com.au/damienlovelock"",""summary"":""Biographical information about Damien Lovelock"",""confidenceScore"":1,""checkedAt"":""2026-07-25T03:35:51.198Z""},{""fieldName"":""genres"",""sourceUrl"":""https://www.lanewaymusic.com.au/damienlovelock"",""summary"":""Genre information about Damien Lovelock's music"",""confidenceScore"":1,""checkedAt"":""2026-07-25T03:35:51.198Z""},{""fieldName"":""location"",""sourceUrl"":""https://www.lanewaymusic.com.au/damienlovelock"",""summary"":""Location information about Damien Lovelock"",""confidenceScore"":1,""checkedAt"":""2026-07-25T03:35:51.198Z""},{""fieldName"":""confidenceScore"",""sourceUrl"":""https://www.lanewaymusic.com.au/damienlovelock"",""summary"":""Overall confidence in the information provided"",""confidenceScore"":1,""checkedAt"":""2026-07-25T03:35:51.198Z""}]",2026-07-25T04:54:34.143Z
rca_cb6ec0cd,,0.99,2026-07-25T03:28:27.319Z,Identity confidence 80% is below 98%.,[],,,Daniel,https://www.lanewaymusic.com.au/daniel,,skipped,rc_b9181116,daniel-b9df9d,"[{""fieldName"":""roster_membership"",""sourceUrl"":""https://www.lanewaymusic.com.au/"",""summary"":""Listed as Daniel on the official roster."",""confidenceScore"":0.99,""checkedAt"":""2026-07-25T03:28:27.319Z""}]",2026-07-25T04:54:34.143Z
rca_371f6aa6,"The Deadly Hume were a ripping rock band from Sydney who formed in the early 80s. Their music was varied, from gentle acoustic numbers to crunchy guitars, with stunning melodies and great lyrics. Lead singer Greg Perano was in the Hunters & Collectors. The Deadly Hume's music is now available on all digital platforms through Laneway Music.",0.99,2026-07-25T03:28:27.319Z,,"[""rock""]","https://static.wixstatic.com/media/9acc25_e7a33bd9f61f43bc96684220d1f0753f.png/v1/fit/w_2500,h_1330,al_c/9acc25_e7a33bd9f61f43bc96684220d1f0753f.png",Sydney,Deadly Hume,https://www.lanewaymusic.com.au/deadlyhume,,published,rc_b9181116,deadly-hume-1ae6f1,"[{""fieldName"":""biography"",""sourceUrl"":""https://www.lanewaymusic.com.au/deadlyhume"",""summary"":""The Deadly Hume were a ripping rock band from Sydney who formed in the early 80s. Their music was varied, from gentle acoustic numbers to crunchy guitars, with stunning melodies and great lyrics. Lead singer Greg Perano was in the Hunters & Collectors. The Deadly Hume's music is now available on all digital platforms through Laneway Music."",""confidenceScore"":1,""checkedAt"":""2026-07-25T03:36:22.788Z""},{""fieldName"":""genres"",""sourceUrl"":""https://www.lanewaymusic.com.au/deadlyhume"",""summary"":""The music of The Deadly Hume was somewhat varied, from gentle acoustic numbers to crunchy guitars - but always with stunning melodies and great lyrics."",""confidenceScore"":1,""checkedAt"":""2026-07-25T03:36:22.788Z""},{""fieldName"":""location"",""sourceUrl"":""https://www.lanewaymusic.com.au/deadlyhume"",""summary"":""The Deadly Hume were a ripping rock band from Sydney"",""confidenceScore"":1,""checkedAt"":""2026-07-25T03:36:22.788Z""},{""fieldName"":""officialWebsiteUrl"",""sourceUrl"":""https://www.lanewaymusic.com.au/deadlyhume"",""summary"":""No official website URL found"",""confidenceScore"":1,""checkedAt"":""2026-07-25T03:36:22.788Z""},{""fieldName"":""heroAsset"",""sourceUrl"":""https://www.lanewaymusic.com.au/deadlyhume"",""summary"":""No hero asset image URL found"",""confidenceScore"":1,""checkedAt"":""2026-07-25T03:36:22.788Z""}]",2026-07-25T04:54:34.143Z
rca_2ffe1642,,0.99,2026-07-25T03:28:27.319Z,Identity confidence 90% is below 98%.,[],,,Deckchairs Overboard,https://www.lanewaymusic.com.au/deckchairs-overboard,,skipped,rc_b9181116,deckchairs-overboard-596ae8,"[{""fieldName"":""roster_membership"",""sourceUrl"":""https://www.lanewaymusic.com.au/"",""summary"":""Listed as Deckchairs Overboard on the official roster."",""confidenceScore"":0.99,""checkedAt"":""2026-07-25T03:28:27.319Z""}]",2026-07-25T04:54:34.143Z
rca_b3746ae3,"Degenerates were a killer Australian rock band formed by Jamie Durrant (guitar, vocals), Julien Chick (bass) and David Klenjans (drums). They were nominated for Best New Talent at the 1992 ARIA Awards. Formed in 1987, they released their debut single 'Out of My Head' in 1989, followed by an EP and debut album 'Play Dinosaur' in 1992.",0.99,2026-07-25T03:28:27.319Z,,"[""rock""]","https://static.wixstatic.com/media/9acc25_6df5c0919f4e49c6a746af7a101479fc~mv2.jpeg/v1/fill/w_2500,h_1950,al_c/9acc25_6df5c0919f4e49c6a746af7a101479fc~mv2.jpeg",Australia,Degenerates,https://www.lanewaymusic.com.au/degenerates,,published,rc_b9181116,degenerates-eb91ea,"[{""fieldName"":""biography"",""sourceUrl"":""https://www.lanewaymusic.com.au/degenerates"",""summary"":""Official biography of Degenerates from Laneway Music"",""confidenceScore"":1,""checkedAt"":""2026-07-25T03:36:52.831Z""},{""fieldName"":""genres"",""sourceUrl"":""https://www.lanewaymusic.com.au/degenerates"",""summary"":""Genre inferred from biography"",""confidenceScore"":1,""checkedAt"":""2026-07-25T03:36:52.831Z""},{""fieldName"":""location"",""sourceUrl"":""https://www.lanewaymusic.com.au/degenerates"",""summary"":""Location mentioned in biography"",""confidenceScore"":1,""checkedAt"":""2026-07-25T03:36:52.831Z""},{""fieldName"":""officialWebsiteUrl"",""sourceUrl"":""https://www.lanewaymusic.com.au/degenerates"",""summary"":""No official website URL found"",""confidenceScore"":1,""checkedAt"":""2026-07-25T03:36:52.831Z""},{""fieldName"":""heroAsset"",""sourceUrl"":""https://www.lanewaymusic.com.au/degenerates"",""summary"":""No hero asset image URL found"",""confidenceScore"":1,""checkedAt"":""2026-07-25T03:36:52.831Z""}]",2026-07-25T04:54:34.143Z
rca_5a8fcd74,,0.99,2026-07-25T03:28:27.319Z,Identity confidence 80% is below 98%.,[],,,Do Re Mi,https://www.lanewaymusic.com.au/do-re-mi,,skipped,rc_b9181116,do-re-mi-07b343,"[{""fieldName"":""roster_membership"",""sourceUrl"":""https://www.lanewaymusic.com.au/"",""summary"":""Listed as Do Re Mi on the official roster."",""confidenceScore"":0.99,""checkedAt"":""2026-07-25T03:28:27.319Z""}]",2026-07-25T04:54:34.143Z
rca_65232d13,"Joey Bedlam's DollSquad formed in 2004 in Melbourne. Bedlam formed the band to dispel the myth that girls can't match it with the boys in a band. DollSquad have been through a number of lineup changes since their inception, however have forged a strong fan base, particularly in Europe, having toured that territory multiple times.",0.99,2026-07-25T03:28:27.319Z,,[],"https://static.wixstatic.com/media/9acc25_e7a33bd9f61f43bc96684220d1f0753f.png/v1/fit/w_2500,h_1330,al_c/9acc25_e7a33bd9f61f43bc96684220d1f0753f.png",Melbourne,DollSquad,https://www.lanewaymusic.com.au/dollsquad,,published,rc_b9181116,dollsquad-6a1967,"[{""fieldName"":""biography"",""sourceUrl"":""https://www.lanewaymusic.com.au/dollsquad"",""summary"":""Official biography of DollSquad from Laneway Music website"",""confidenceScore"":1,""checkedAt"":""2026-07-25T03:37:22.791Z""},{""fieldName"":""location"",""sourceUrl"":""https://www.lanewaymusic.com.au/dollsquad"",""summary"":""Location mentioned as Melbourne"",""confidenceScore"":1,""checkedAt"":""2026-07-25T03:37:22.791Z""}]",2026-07-25T04:54:34.143Z
rca_d2a58541,,0.99,2026-07-25T03:28:27.319Z,Identity confidence 80% is below 98%.,[],,,Draught Dodgers,https://www.lanewaymusic.com.au/draughtdodgers,,skipped,rc_b9181116,draught-dodgers-7a9ed0,"[{""fieldName"":""roster_membership"",""sourceUrl"":""https://www.lanewaymusic.com.au/"",""summary"":""Listed as Draught Dodgers on the official roster."",""confidenceScore"":0.99,""checkedAt"":""2026-07-25T03:28:27.319Z""}]",2026-07-25T04:54:34.143Z
rca_47f3c3da,"The Dropbears were a popular part of the Australian music scene in the early 1980s with minor national chart hits. Formed in Darlinghurst (Sydney) in 1981 with Johnny Batchelor, Simon Rudlin and Chris Toms (Chris Cross). They had successful singles, including 'Shall We Go' in 1985, and are available to download or stream on preferred platforms.",0.99,2026-07-25T03:28:27.319Z,,[],"https://static.wixstatic.com/media/9acc25_e7a33bd9f61f43bc96684220d1f0753f.png/v1/fit/w_2500,h_1330,al_c/9acc25_e7a33bd9f61f43bc96684220d1f0753f.png",Darlinghurst (Sydney),Dropbears,https://www.lanewaymusic.com.au/dropbears,,published,rc_b9181116,dropbears-a6df8b,"[{""fieldName"":""biography"",""sourceUrl"":""https://www.lanewaymusic.com.au/dropbears"",""summary"":""The Dropbears were a popular part of the Australian music scene in the early 1980s with minor national chart hits. Formed in Darlinghurst (Sydney) in 1981 with Johnny Batchelor, Simon Rudlin and Chris Toms (Chris Cross). They had successful singles, including 'Shall We Go' in 1985, and are available to download or stream on preferred platforms."",""confidenceScore"":1,""checkedAt"":""2026-07-25T03:37:54.021Z""},{""fieldName"":""location"",""sourceUrl"":""https://www.lanewaymusic.com.au/dropbears"",""summary"":""The Dropbears formed in Darlinghurst (Sydney) in 1981"",""confidenceScore"":1,""checkedAt"":""2026-07-25T03:37:54.021Z""}]",2026-07-25T04:54:34.143Z
rca_5cea9e46,,0.99,2026-07-25T03:28:27.319Z,Identity confidence 90% is below 98%.,[],,,Eduardo Miller,https://www.lanewaymusic.com.au/eduardo-miller,,skipped,rc_b9181116,eduardo-miller-6cf4fa,"[{""fieldName"":""roster_membership"",""sourceUrl"":""https://www.lanewaymusic.com.au/"",""summary"":""Listed as Eduardo Miller on the official roster."",""confidenceScore"":0.99,""checkedAt"":""2026-07-25T03:28:27.319Z""}]",2026-07-25T04:54:34.143Z
rca_692ae78f,"Ekko Music is a specialist electronic label, operating as an indent label under the Laneway Music umbrella. Ekko oversees the catalogue of two artists: Puretone (Josh Abrahams) and Them Swoops.",0.99,2026-07-25T03:28:27.319Z,,"[""electronic""]","https://static.wixstatic.com/media/9acc25_e7a33bd9f61f43bc96684220d1f0753f.png/v1/fit/w_2500,h_1330,al_c/9acc25_e7a33bd9f61f43bc96684220d1f0753f.png",,Ekko,https://www.lanewaymusic.com.au/ekkomusic,,published,rc_b9181116,ekko-742c8d,"[{""fieldName"":""biography"",""sourceUrl"":""https://www.lanewaymusic.com.au/ekkomusic"",""summary"":""Ekko Music is a specialist electronic label, operating as an indent label under the Laneway Music umbrella. Ekko oversees the catalogue of two artists: Puretone (Josh Abrahams) and Them Swoops."",""confidenceScore"":1,""checkedAt"":""2026-07-25T03:38:27.606Z""},{""fieldName"":""genres"",""sourceUrl"":""https://www.lanewaymusic.com.au/ekkomusic"",""summary"":""electronic music label"",""confidenceScore"":1,""checkedAt"":""2026-07-25T03:38:27.606Z""},{""fieldName"":""location"",""sourceUrl"":""https://www.lanewaymusic.com.au/ekkomusic"",""summary"":""no location mentioned"",""confidenceScore"":1,""checkedAt"":""2026-07-25T03:38:27.606Z""},{""fieldName"":""officialWebsiteUrl"",""sourceUrl"":""https://www.lanewaymusic.com.au/ekkomusic"",""summary"":""no official website URL mentioned"",""confidenceScore"":1,""checkedAt"":""2026-07-25T03:38:27.606Z""},{""fieldName"":""heroAsset"",""sourceUrl"":""https://www.lanewaymusic.com.au/ekkomusic"",""summary"":""no hero asset image URL mentioned"",""confidenceScore"":1,""checkedAt"":""2026-07-25T03:38:27.606Z""}]",2026-07-25T04:54:34.143Z
rca_134c4ee1,,0.99,2026-07-25T03:28:27.319Z,Identity confidence 80% is below 98%.,[],,,Electric Pandas,https://www.lanewaymusic.com.au/electric-pandas,,skipped,rc_b9181116,electric-pandas-d8de19,"[{""fieldName"":""roster_membership"",""sourceUrl"":""https://www.lanewaymusic.com.au/"",""summary"":""Listed as Electric Pandas on the official roster."",""confidenceScore"":0.99,""checkedAt"":""2026-07-25T03:28:27.319Z""}]",2026-07-25T04:54:34.143Z
rca_01f22af2,"Melbourne band Fuzzrays are signed to Black Garage Records, and distributed by Laneway Music. Fuzzrays have been busy making a name for themselves in the local Melbourne garage rock scene, with their jangly, hook-heavy garage songs, which Dave Ruby Howe (Triple-J) refers to as “charmingly bent-out-of-shape indie”.",0.99,2026-07-25T03:28:27.319Z,,"[""garage rock"",""indie""]","https://static.wixstatic.com/media/9acc25_e7a33bd9f61f43bc96684220d1f0753f.png/v1/fit/w_2500,h_1330,al_c/9acc25_e7a33bd9f61f43bc96684220d1f0753f.png",Melbourne,Fuzzrays,https://www.lanewaymusic.com.au/fuzzrays,,published,rc_b9181116,fuzzrays-f543d2,"[{""fieldName"":""biography"",""sourceUrl"":""https://www.lanewaymusic.com.au/fuzzrays"",""summary"":""Official artist page with biography"",""confidenceScore"":1,""checkedAt"":""2026-07-25T03:39:17.729Z""},{""fieldName"":""genres"",""sourceUrl"":""https://www.lanewaymusic.com.au/fuzzrays"",""summary"":""Genres inferred from biography text"",""confidenceScore"":1,""checkedAt"":""2026-07-25T03:39:17.729Z""},{""fieldName"":""location"",""sourceUrl"":""https://www.lanewaymusic.com.au/fuzzrays"",""summary"":""Location mentioned in biography text"",""confidenceScore"":1,""checkedAt"":""2026-07-25T03:39:17.729Z""}]",2026-07-25T04:54:34.143Z
rca_7539ae11,,0.99,2026-07-25T03:28:27.319Z,Identity confidence 80% is below 98%.,[],,,Glyn Mason,https://www.lanewaymusic.com.au/glyn-mason,,skipped,rc_b9181116,glyn-mason-32be1b,"[{""fieldName"":""roster_membership"",""sourceUrl"":""https://www.lanewaymusic.com.au/"",""summary"":""Listed as Glyn Mason on the official roster."",""confidenceScore"":0.99,""checkedAt"":""2026-07-25T03:28:27.319Z""}]",2026-07-25T04:54:34.143Z
rca_92b8c150,,0.99,2026-07-25T03:28:27.319Z,Identity confidence 90% is below 98%.,[],,,Harem Scarem,https://www.lanewaymusic.com.au/haremscarem,,skipped,rc_b9181116,harem-scarem-a08b86,"[{""fieldName"":""roster_membership"",""sourceUrl"":""https://www.lanewaymusic.com.au/"",""summary"":""Listed as Harem Scarem on the official roster."",""confidenceScore"":0.99,""checkedAt"":""2026-07-25T03:28:27.319Z""}]",2026-07-25T04:54:34.143Z
rca_ad51176e,"Australian singer/songwriter Harry Carman writes and records stunning songs, ranging from brutally honest and heart-wrenching to energetic rock tracks. He's compared to artists like Passenger, Ed Sheeran, and Dean Lewis, and has shared stages with 'Art vs Science' and 'Riot After Midnight'.",0.99,2026-07-25T03:28:27.319Z,,"[""rock"",""singer-songwriter""]","https://static.wixstatic.com/media/9acc25_e7a33bd9f61f43bc96684220d1f0753f.png/v1/fit/w_2500,h_1330,al_c/9acc25_e7a33bd9f61f43bc96684220d1f0753f.png",Australia,Harry Carman,https://www.lanewaymusic.com.au/harrycarman,,published,rc_b9181116,harry-carman-4a494a,"[{""fieldName"":""biography"",""sourceUrl"":""https://www.lanewaymusic.com.au/harrycarman"",""summary"":""Official artist page with biography and music information"",""confidenceScore"":1,""checkedAt"":""2026-07-25T03:40:20.138Z""},{""fieldName"":""genres"",""sourceUrl"":""https://www.lanewaymusic.com.au/harrycarman"",""summary"":""Genre can be inferred from biography and music descriptions"",""confidenceScore"":0.8,""checkedAt"":""2026-07-25T03:40:20.138Z""},{""fieldName"":""location"",""sourceUrl"":""https://www.lanewaymusic.com.au/harrycarman"",""summary"":""Artist is described as Australian"",""confidenceScore"":1,""checkedAt"":""2026-07-25T03:40:20.138Z""},{""fieldName"":""officialWebsiteUrl"",""sourceUrl"":""https://www.lanewaymusic.com.au/harrycarman"",""summary"":""No official website URL present on the page"",""confidenceScore"":1,""checkedAt"":""2026-07-25T03:40:20.138Z""},{""fieldName"":""heroAsset"",""sourceUrl"":""https://www.lanewaymusic.com.au/harrycarman"",""summary"":""No hero asset image URL present on the page"",""confidenceScore"":1,""checkedAt"":""2026-07-25T03:40:20.138Z""}]",2026-07-25T04:54:34.143Z
rca_2563e4ca,"The Hot City Bump Band was formed from the vocal partnership of US artist Chuck McKinney and his wife Maggie. Chuck originally came to Australia to work in the original Australian production of the stage musical Hair, and when the production ended in 1973, the McKinneys formed the Hot City Bump Band with four local musicians. In 1975 the band released its debut album, Come Together.",0.99,2026-07-25T03:28:27.319Z,,[],"https://static.wixstatic.com/media/9acc25_e7a33bd9f61f43bc96684220d1f0753f.png/v1/fit/w_2500,h_1330,al_c/9acc25_e7a33bd9f61f43bc96684220d1f0753f.png",Australia,Hot City Bump Band,https://www.lanewaymusic.com.au/hot-city-bump-band,,published,rc_b9181116,hot-city-bump-band-057639,"[{""fieldName"":""biography"",""sourceUrl"":""https://www.lanewaymusic.com.au/hot-city-bump-band"",""summary"":""The biography of Hot City Bump Band, including formation and debut album release."",""confidenceScore"":1,""checkedAt"":""2026-07-25T03:40:46.217Z""},{""fieldName"":""location"",""sourceUrl"":""https://www.lanewaymusic.com.au/hot-city-bump-band"",""summary"":""The location where the band was formed and active."",""confidenceScore"":1,""checkedAt"":""2026-07-25T03:40:46.217Z""}]",2026-07-25T04:54:34.143Z
rca_37ebeeca,,0.99,2026-07-25T03:28:27.319Z,Identity confidence 90% is below 98%.,[],,,James McCann,https://www.lanewaymusic.com.au/jamesmccann,,skipped,rc_b9181116,james-mccann-230863,"[{""fieldName"":""roster_membership"",""sourceUrl"":""https://www.lanewaymusic.com.au/"",""summary"":""Listed as James McCann on the official roster."",""confidenceScore"":0.99,""checkedAt"":""2026-07-25T03:28:27.319Z""}]",2026-07-25T04:54:34.143Z
rca_aecd3cc1,"Jeff Duff, a flamboyant and often controversial artist, has released 26 albums, including one with members of Deep Purple. He established himself in London's new wave movement in the 80s and returned to Australia in the late 80s. Duff has staged popular shows like 'Bowie Unzipped' and 'Ziggy', and has acted in Baz Lurmann's 'Gatsby'.",0.99,2026-07-25T03:28:27.319Z,,"[""rock"",""new wave"",""jazz funk"",""orchestral""]","https://static.wixstatic.com/media/9acc25_e7a33bd9f61f43bc96684220d1f0753f.png/v1/fit/w_2500,h_1330,al_c/9acc25_e7a33bd9f61f43bc96684220d1f0753f.png",Australia,Jeff Duff,https://www.lanewaymusic.com.au/jeff-duff,,published,rc_b9181116,jeff-duff-98bd2d,"[{""fieldName"":""biography"",""sourceUrl"":""https://www.lanewaymusic.com.au/jeff-duff"",""summary"":""The official Laneway Music page for Jeff Duff, providing a detailed biography."",""confidenceScore"":1,""checkedAt"":""2026-07-25T03:41:22.697Z""},{""fieldName"":""genres"",""sourceUrl"":""https://www.lanewaymusic.com.au/jeff-duff"",""summary"":""Genres mentioned in the biography, including rock, new wave, jazz funk, and orchestral."",""confidenceScore"":1,""checkedAt"":""2026-07-25T03:41:22.697Z""},{""fieldName"":""location"",""sourceUrl"":""https://www.lanewaymusic.com.au/jeff-duff"",""summary"":""Location mentioned as Australia."",""confidenceScore"":1,""checkedAt"":""2026-07-25T03:41:22.697Z""},{""fieldName"":""confidenceScore"",""sourceUrl"":""https://www.lanewaymusic.com.au/jeff-duff"",""summary"":""The biography provides a comprehensive overview of Jeff Duff's career."",""confidenceScore"":1,""checkedAt"":""2026-07-25T03:41:22.697Z""}]",2026-07-25T04:54:34.143Z
rca_c3961da1,"Jeff St John was an Australian rock music icon. He started delivering great music from 1967 with 'The ID', and later with 'Jeff St John & Copperwine' from 1969. His rock album 'So Good So Far' personified the 70s. After retiring from live performances, he continued to record exceptional music with a tight rock edge. Jeff passed away in March 2018, leaving a lasting musical legacy.",0.99,2026-07-25T03:28:27.319Z,,"[""rock""]","https://static.wixstatic.com/media/9acc25_e7a33bd9f61f43bc96684220d1f0753f.png/v1/fit/w_2500,h_1330,al_c/9acc25_e7a33bd9f61f43bc96684220d1f0753f.png",Australia,Jeff St John,https://www.lanewaymusic.com.au/jeff-st-john,,published,rc_b9181116,jeff-st-john-9241ca,"[{""fieldName"":""biography"",""sourceUrl"":""https://www.lanewaymusic.com.au/jeff-st-john"",""summary"":""Official artist page with biography and music information"",""confidenceScore"":1,""checkedAt"":""2026-07-25T03:41:52.268Z""},{""fieldName"":""genres"",""sourceUrl"":""https://www.lanewaymusic.com.au/jeff-st-john"",""summary"":""Biography mentions 'rock music' and 'rock album'"",""confidenceScore"":1,""checkedAt"":""2026-07-25T03:41:52.268Z""},{""fieldName"":""location"",""sourceUrl"":""https://www.lanewaymusic.com.au/jeff-st-john"",""summary"":""Biography mentions 'Australian rock music' and 'Australian staple'"",""confidenceScore"":1,""checkedAt"":""2026-07-25T03:41:52.268Z""},{""fieldName"":""officialWebsiteUrl"",""sourceUrl"":""https://www.lanewaymusic.com.au/jeff-st-john"",""summary"":""No official website URL found on the page"",""confidenceScore"":1,""checkedAt"":""2026-07-25T03:41:52.268Z""},{""fieldName"":""heroAsset"",""sourceUrl"":""https://www.lanewaymusic.com.au/jeff-st-john"",""summary"":""No hero asset image URL found on the page"",""confidenceScore"":1,""checkedAt"":""2026-07-25T03:41:52.268Z""}]",2026-07-25T04:54:34.143Z
rca_36d058c0,"Jim Kelly is a leading Australian contemporary jazz and blues guitarist, composer and educator. He formed Crossfire in 1975, a celebrated jazz fusion group that toured extensively and recorded seven albums. Kelly also worked as a session player and performed with various Australian artists.",0.99,2026-07-25T03:28:27.319Z,,"[""jazz"",""blues"",""jazz fusion""]","https://static.wixstatic.com/media/9acc25_e7a33bd9f61f43bc96684220d1f0753f.png/v1/fit/w_2500,h_1330,al_c/9acc25_e7a33bd9f61f43bc96684220d1f0753f.png",Australia,Jim Kelly/Crossfire,https://www.lanewaymusic.com.au/jimkelly-crossfire,,published,rc_b9181116,jim-kelly-crossfire-0f6966,"[{""fieldName"":""biography"",""sourceUrl"":""https://www.lanewaymusic.com.au/jimkelly-crossfire"",""summary"":""Biographical information about Jim Kelly and Crossfire"",""confidenceScore"":1,""checkedAt"":""2026-07-25T03:42:20.310Z""},{""fieldName"":""genres"",""sourceUrl"":""https://www.lanewaymusic.com.au/jimkelly-crossfire"",""summary"":""Genres mentioned: jazz, blues, jazz fusion"",""confidenceScore"":1,""checkedAt"":""2026-07-25T03:42:20.310Z""},{""fieldName"":""location"",""sourceUrl"":""https://www.lanewaymusic.com.au/jimkelly-crossfire"",""summary"":""Location mentioned: Australia"",""confidenceScore"":1,""checkedAt"":""2026-07-25T03:42:20.310Z""}]",2026-07-25T04:54:34.143Z
rca_6dd8c5f0,,0.99,2026-07-25T03:28:27.319Z,Identity confidence 80% is below 98%.,[],,,Joey Amenta,https://www.lanewaymusic.com.au/joey-amenta,,skipped,rc_b9181116,joey-amenta-88bcf8,"[{""fieldName"":""roster_membership"",""sourceUrl"":""https://www.lanewaymusic.com.au/"",""summary"":""Listed as Joey Amenta on the official roster."",""confidenceScore"":0.99,""checkedAt"":""2026-07-25T03:28:27.319Z""}]",2026-07-25T04:54:34.143Z
rca_9255b66a,"Sydney musician John Kennedy is a writer and performer of many fine songs. He started his music career in Brisbane in the '80's with his Elvis Costello influenced band JFK and the Cuban Crisis. After pursuing a solo career, he spent the '90's living and playing music in Berlin, Hong Kong and London before returning to Sydney's Inner West in 2000.",0.99,2026-07-25T03:28:27.319Z,,"[""Urban"",""Western""]","https://static.wixstatic.com/media/9acc25_e7a33bd9f61f43bc96684220d1f0753f.png/v1/fit/w_2500,h_1330,al_c/9acc25_e7a33bd9f61f43bc96684220d1f0753f.png",Sydney,John Kennedy,https://www.lanewaymusic.com.au/john-kennedy,,published,rc_b9181116,john-kennedy-4d8dde,"[{""fieldName"":""biography"",""sourceUrl"":""https://www.lanewaymusic.com.au/john-kennedy"",""summary"":""Biographical information about John Kennedy's music career"",""confidenceScore"":1,""checkedAt"":""2026-07-25T03:43:04.340Z""},{""fieldName"":""genres"",""sourceUrl"":""https://www.lanewaymusic.com.au/john-kennedy"",""summary"":""Genres associated with John Kennedy's music"",""confidenceScore"":1,""checkedAt"":""2026-07-25T03:43:04.340Z""},{""fieldName"":""location"",""sourceUrl"":""https://www.lanewaymusic.com.au/john-kennedy"",""summary"":""John Kennedy's current location"",""confidenceScore"":1,""checkedAt"":""2026-07-25T03:43:04.340Z""},{""fieldName"":""officialWebsiteUrl"",""sourceUrl"":""https://www.lanewaymusic.com.au/john-kennedy"",""summary"":""No official website URL found"",""confidenceScore"":1,""checkedAt"":""2026-07-25T03:43:04.340Z""},{""fieldName"":""heroAsset"",""sourceUrl"":""https://www.lanewaymusic.com.au/john-kennedy"",""summary"":""No hero asset image URL found"",""confidenceScore"":1,""checkedAt"":""2026-07-25T03:43:04.340Z""}]",2026-07-25T04:54:34.143Z
rca_e644a881,,0.99,2026-07-25T03:28:27.319Z,Identity confidence 90% is below 98%.,[],,,Johnny Kannis,https://www.lanewaymusic.com.au/johnny-kannis,,skipped,rc_b9181116,johnny-kannis-a106f9,"[{""fieldName"":""roster_membership"",""sourceUrl"":""https://www.lanewaymusic.com.au/"",""summary"":""Listed as Johnny Kannis on the official roster."",""confidenceScore"":0.99,""checkedAt"":""2026-07-25T03:28:27.319Z""}]",2026-07-25T04:54:34.143Z
rca_7931959f,"Josh Abrahams is one of Australia's most respected producers with an enormous catalogue of work, most notably the smash hit single 'Addicted to Bass'. He has collaborated with big names like Kylie Minogue, Amiel, and John Farnham. Abrahams co-produced 'Everybody's Free to Wear Sunscreen' and tracks in Baz Luhrmann's 'Moulin Rouge'.",0.99,2026-07-25T03:28:27.319Z,,[],"https://static.wixstatic.com/media/9acc25_e7a33bd9f61f43bc96684220d1f0753f.png/v1/fit/w_2500,h_1330,al_c/9acc25_e7a33bd9f61f43bc96684220d1f0753f.png",Australia,Josh Abrahams,https://www.lanewaymusic.com.au/joshabrahams,,published,rc_b9181116,josh-abrahams-042761,"[{""fieldName"":""biography"",""sourceUrl"":""https://www.lanewaymusic.com.au/joshabrahams"",""summary"":""Official artist page with biography and career highlights"",""confidenceScore"":1,""checkedAt"":""2026-07-25T03:43:52.820Z""},{""fieldName"":""location"",""sourceUrl"":""https://www.lanewaymusic.com.au/joshabrahams"",""summary"":""Artist described as 'one of Australia's most respected producers'"",""confidenceScore"":1,""checkedAt"":""2026-07-25T03:43:52.820Z""}]",2026-07-25T04:54:34.143Z
rca_ef015701,,0.99,2026-07-25T03:28:27.319Z,Identity confidence 90% is below 98%.,[],,,Kent Steedman,https://www.lanewaymusic.com.au/kentsteedman,,skipped,rc_b9181116,kent-steedman-3bbf71,"[{""fieldName"":""roster_membership"",""sourceUrl"":""https://www.lanewaymusic.com.au/"",""summary"":""Listed as Kent Steedman on the official roster."",""confidenceScore"":0.99,""checkedAt"":""2026-07-25T03:28:27.319Z""}]",2026-07-25T04:54:34.143Z
rca_1979d6e6,"Kerry Ian McKenna is most notable for his time in Australian progressive rock band Madder Lake, famous for the smash hit 12lb Toothbrush. Since that time, Kerry has continued to play live with Madder Lake, and has released a number of impressive solo albums, available digitally to download or stream through Laneway Music.",0.99,2026-07-25T03:28:27.319Z,,"[""progressive rock""]","https://static.wixstatic.com/media/9acc25_31c419fa9fbe4ae2aeedbb186953f248~mv2.jpg/v1/fill/w_205,h_246,al_c/9acc25_31c419fa9fbe4ae2aeedbb186953f248~mv2.jpg",,Kerry Ian McKenna,https://www.lanewaymusic.com.au/kerry-ian-mckenna,,published,rc_b9181116,kerry-ian-mckenna-42347e,"[{""fieldName"":""biography"",""sourceUrl"":""https://www.lanewaymusic.com.au/kerry-ian-mckenna"",""summary"":""Biographical information about Kerry Ian McKenna, including his involvement with Madder Lake and solo albums."",""confidenceScore"":1,""checkedAt"":""2026-07-25T03:44:32.269Z""},{""fieldName"":""genres"",""sourceUrl"":""https://www.lanewaymusic.com.au/kerry-ian-mckenna"",""summary"":""Genre information about Kerry Ian McKenna, specifically progressive rock."",""confidenceScore"":1,""checkedAt"":""2026-07-25T03:44:32.269Z""}]",2026-07-25T04:54:34.143Z
rca_1677cfec,"Kerryn Tolhurst is a respected Australian musician and songwriter from the 70s to today. He has performed with bands like Sundown, Adderly Smith Blues Band, and The Dingoes, and formed The Rattling Sabres. He has worked with artists like John Schumann and Robert Price, and has released solo material, including the single 'Beyond Redemption'.",0.99,2026-07-25T03:28:27.319Z,,"[""rock"",""blues"",""country""]","https://static.wixstatic.com/media/9acc25_e7a33bd9f61f43bc96684220d1f0753f.png/v1/fit/w_2500,h_1330,al_c/9acc25_e7a33bd9f61f43bc96684220d1f0753f.png",Australia,Kerryn Tolhurst,https://www.lanewaymusic.com.au/kerryntolhurst,,published,rc_b9181116,kerryn-tolhurst-579df8,"[{""fieldName"":""biography"",""sourceUrl"":""https://www.lanewaymusic.com.au/kerryntolhurst"",""summary"":""Biographical information about Kerryn Tolhurst's music career"",""confidenceScore"":1,""checkedAt"":""2026-07-25T03:45:07.607Z""},{""fieldName"":""genres"",""sourceUrl"":""https://www.lanewaymusic.com.au/kerryntolhurst"",""summary"":""Genres inferred from Kerryn Tolhurst's band associations and music style"",""confidenceScore"":0.8,""checkedAt"":""2026-07-25T03:45:07.607Z""},{""fieldName"":""location"",""sourceUrl"":""https://www.lanewaymusic.com.au/kerryntolhurst"",""summary"":""Kerryn Tolhurst's nationality and location"",""confidenceScore"":1,""checkedAt"":""2026-07-25T03:45:07.607Z""},{""fieldName"":""officialWebsiteUrl"",""sourceUrl"":""https://www.lanewaymusic.com.au/kerryntolhurst"",""summary"":""No official website URL found on the page"",""confidenceScore"":1,""checkedAt"":""2026-07-25T03:45:07.607Z""},{""fieldName"":""heroAsset"",""sourceUrl"":""https://www.lanewaymusic.com.au/kerryntolhurst"",""summary"":""No hero asset image URL found on the page"",""confidenceScore"":1,""checkedAt"":""2026-07-25T03:45:07.607Z""}]",2026-07-25T04:54:34.143Z
rca_709fd8c1,"La Femme were a highly original punk rock band from Melbourne in the late 70s. They had a pioneering sound which pre-dated the more commercial punk of the early 80s. La Femme had a confident, swaggering, glam-infused punk-metal sound led by charismatic frontman Chane Chane.",0.99,2026-07-25T03:28:27.319Z,,"[""punk rock"",""punk-metal""]","https://static.wixstatic.com/media/9acc25_e7a33bd9f61f43bc96684220d1f0753f.png/v1/fit/w_2500,h_1330,al_c/9acc25_e7a33bd9f61f43bc96684220d1f0753f.png",Melbourne,La Femme,https://www.lanewaymusic.com.au/lafemme,,published,rc_b9181116,la-femme-436d29,"[{""0"":""b"",""1"":""i"",""2"":""o"",""3"":""g"",""4"":""r"",""5"":""a"",""6"":""p"",""7"":""h"",""8"":""y"",""sourceUrl"":""https://www.lanewaymusic.com.au/lafemme"",""checkedAt"":""2026-07-25T03:45:30.644Z""},{""0"":""h"",""1"":""t"",""2"":""t"",""3"":""p"",""4"":""s"",""5"":"":"",""6"":""/"",""7"":""/"",""8"":""w"",""9"":""w"",""10"":""w"",""11"":""."",""12"":""l"",""13"":""a"",""14"":""n"",""15"":""e"",""16"":""w"",""17"":""a"",""18"":""y"",""19"":""m"",""20"":""u"",""21"":""s"",""22"":""i"",""23"":""c"",""24"":""."",""25"":""c"",""26"":""o"",""27"":""m"",""28"":""."",""29"":""a"",""30"":""u"",""31"":""/"",""32"":""l"",""33"":""a"",""34"":""f"",""35"":""e"",""36"":""m"",""37"":""m"",""38"":""e"",""sourceUrl"":""https://www.lanewaymusic.com.au/lafemme"",""checkedAt"":""2026-07-25T03:45:30.644Z""},{""0"":""O"",""1"":""f"",""2"":""f"",""3"":""i"",""4"":""c"",""5"":""i"",""6"":""a"",""7"":""l"",""8"":"" "",""9"":""a"",""10"":""r"",""11"":""t"",""12"":""i"",""13"":""s"",""14"":""t"",""15"":"" "",""16"":""p"",""17"":""a"",""18"":""g"",""19"":""e"",""20"":"" "",""21"":""o"",""22"":""n"",""23"":"" "",""24"":""L"",""25"":""a"",""26"":""n"",""27"":""e"",""28"":""w"",""29"":""a"",""30"":""y"",""31"":"" "",""32"":""M"",""33"":""u"",""34"":""s"",""35"":""i"",""36"":""c"",""sourceUrl"":""https://www.lanewaymusic.com.au/lafemme"",""checkedAt"":""2026-07-25T03:45:30.644Z""},{""sourceUrl"":""https://www.lanewaymusic.com.au/lafemme"",""checkedAt"":""2026-07-25T03:45:30.644Z""}]",2026-07-25T04:54:34.143Z
rca_b6b4b492,"Lez Karski, a seasoned record producer and session musician, began his career at 29 in Sydney and Melbourne. He has collaborated with notable artists such as Flash and The Pan, Nick Cave, and Midnight Oil. Lez has also performed in various Sydney rhythm and blues outfits and currently plays with his Perth band, 'The Nervous Investors'.",0.99,2026-07-25T03:28:27.319Z,,"[""blues"",""rhythm and blues""]","https://static.wixstatic.com/media/9acc25_e7a33bd9f61f43bc96684220d1f0753f.png/v1/fit/w_2500,h_1330,al_c/9acc25_e7a33bd9f61f43bc96684220d1f0753f.png",Perth,Lez Karski,https://www.lanewaymusic.com.au/les-karski,,published,rc_b9181116,lez-karski-8547ad,"[{""fieldName"":""biography"",""sourceUrl"":""https://www.lanewaymusic.com.au/les-karski"",""summary"":""The biography section on the official Laneway Music page for Lez Karski."",""confidenceScore"":1,""checkedAt"":""2026-07-25T03:45:54.703Z""},{""fieldName"":""genres"",""sourceUrl"":""https://www.lanewaymusic.com.au/les-karski"",""summary"":""The genres are inferred from the text mentioning 'rhythm and blues outfits' and 'blues' related information."",""confidenceScore"":1,""checkedAt"":""2026-07-25T03:45:54.703Z""},{""fieldName"":""location"",""sourceUrl"":""https://www.lanewaymusic.com.au/les-karski"",""summary"":""The location is mentioned as Perth in the context of Lez's current band 'The Nervous Investors'."",""confidenceScore"":1,""checkedAt"":""2026-07-25T03:45:54.703Z""},{""fieldName"":""officialWebsiteUrl"",""sourceUrl"":""https://www.lanewaymusic.com.au/les-karski"",""summary"":""There is no official website URL mentioned for Lez Karski on the page."",""confidenceScore"":1,""checkedAt"":""2026-07-25T03:45:54.703Z""},{""fieldName"":""heroAsset"",""sourceUrl"":""https://www.lanewaymusic.com.au/les-karski"",""summary"":""There is no hero asset image URL mentioned for Lez Karski on the page."",""confidenceScore"":1,""checkedAt"":""2026-07-25T03:45:54.703Z""}]",2026-07-25T04:54:34.143Z
rca_fa034418,"The Lime Spiders are icons of Australian rock music from the 80s and 90s, known for their solid live reputation and legacy of melodic, energetic rock tracks. Formed with various members over the years, the longest serving included Mick Blood, Tony Bambach, and Ged Corben. They released notable albums such as 'Cave Comes Alive', 'Volatile', and 'Beethoven's Fist'.",0.99,2026-07-25T03:28:27.319Z,,"[""rock""]","https://static.wixstatic.com/media/9acc25_e7a33bd9f61f43bc96684220d1f0753f.png/v1/fit/w_2500,h_1330,al_c/9acc25_e7a33bd9f61f43bc96684220d1f0753f.png",Australia,Lime Spiders,https://www.lanewaymusic.com.au/lime-spiders,,published,rc_b9181116,lime-spiders-1f7b0c,"[{""fieldName"":""biography"",""sourceUrl"":""https://www.lanewaymusic.com.au/lime-spiders"",""summary"":""Biographical information about Lime Spiders' history and music"",""confidenceScore"":1,""checkedAt"":""2026-07-25T03:46:15.191Z""},{""fieldName"":""genres"",""sourceUrl"":""https://www.lanewaymusic.com.au/lime-spiders"",""summary"":""Genre information inferred from biography"",""confidenceScore"":1,""checkedAt"":""2026-07-25T03:46:15.191Z""},{""fieldName"":""location"",""sourceUrl"":""https://www.lanewaymusic.com.au/lime-spiders"",""summary"":""Location mentioned in biography"",""confidenceScore"":1,""checkedAt"":""2026-07-25T03:46:15.191Z""},{""fieldName"":""officialWebsiteUrl"",""sourceUrl"":""https://www.lanewaymusic.com.au/lime-spiders"",""summary"":""No official website URL found"",""confidenceScore"":1,""checkedAt"":""2026-07-25T03:46:15.191Z""},{""fieldName"":""heroAsset"",""sourceUrl"":""https://www.lanewaymusic.com.au/lime-spiders"",""summary"":""No hero asset image URL found"",""confidenceScore"":1,""checkedAt"":""2026-07-25T03:46:15.191Z""}]",2026-07-25T04:54:34.143Z
rca_62970ef1,"The Little Heroes were a Melbourne band with a brief yet notable presence in Australian pop/rock music. Formed from the ashes of Secret Police and fronted by Roger Wells, they released 3 albums in Australia and are best known for their hit 'One Perfect Day', still played on radio stations around the country.",0.99,2026-07-25T03:28:27.319Z,,"[""pop"",""rock""]","https://static.wixstatic.com/media/9acc25_e7a33bd9f61f43bc96684220d1f0753f.png/v1/fit/w_2500,h_1330,al_c/9acc25_e7a33bd9f61f43bc96684220d1f0753f.png",Melbourne,Little Heroes,https://www.lanewaymusic.com.au/little-heroes,,published,rc_b9181116,little-heroes-56f1fc,"[{""fieldName"":""biography"",""sourceUrl"":""https://www.lanewaymusic.com.au/little-heroes"",""summary"":""Official artist page providing information about the band's history, discography, and notable achievements."",""confidenceScore"":1,""checkedAt"":""2026-07-25T03:46:46.989Z""},{""fieldName"":""genres"",""sourceUrl"":""https://www.lanewaymusic.com.au/little-heroes"",""summary"":""Implicitly mentioned through the description of the band as a 'pop/rock music' group."",""confidenceScore"":1,""checkedAt"":""2026-07-25T03:46:46.989Z""},{""fieldName"":""location"",""sourceUrl"":""https://www.lanewaymusic.com.au/little-heroes"",""summary"":""Explicitly mentioned as 'Melbourne band'."",""confidenceScore"":1,""checkedAt"":""2026-07-25T03:46:46.989Z""},{""fieldName"":""officialWebsiteUrl"",""sourceUrl"":""https://www.lanewaymusic.com.au/little-heroes"",""summary"":""No official website URL provided."",""confidenceScore"":1,""checkedAt"":""2026-07-25T03:46:46.989Z""},{""fieldName"":""heroAsset"",""sourceUrl"":""https://www.lanewaymusic.com.au/little-heroes"",""summary"":""No hero asset image URL provided."",""confidenceScore"":1,""checkedAt"":""2026-07-25T03:46:46.989Z""}]",2026-07-25T04:54:34.143Z
rca_a8764227,"Little Murders were formed from the ashes of Melbourne punk band 'The Fiction' by singer Rob Griffiths. Their sound was catchy, energetic and power 'pop/rock'. The band broke up in 1985, but was reborn in the mid-90s and has released several albums since 2009 with a settled lineup featuring Griffiths and other renowned musicians.",0.99,2026-07-25T03:28:27.319Z,,"[""pop/rock"",""punk""]","https://static.wixstatic.com/media/9acc25_e7a33bd9f61f43bc96684220d1f0753f.png/v1/fit/w_2500,h_1330,al_c/9acc25_e7a33bd9f61f43bc96684220d1f0753f.png",Melbourne,Little Murders,https://www.lanewaymusic.com.au/little-murders,,published,rc_b9181116,little-murders-be3c4c,"[{""fieldName"":""biography"",""sourceUrl"":""https://www.lanewaymusic.com.au/little-murders"",""summary"":""Official biography of Little Murders from Laneway Music website"",""confidenceScore"":1,""checkedAt"":""2026-07-25T03:47:17.789Z""},{""fieldName"":""genres"",""sourceUrl"":""https://www.lanewaymusic.com.au/little-murders"",""summary"":""Genre description from official biography"",""confidenceScore"":1,""checkedAt"":""2026-07-25T03:47:17.789Z""},{""fieldName"":""location"",""sourceUrl"":""https://www.lanewaymusic.com.au/little-murders"",""summary"":""Location mentioned in biography"",""confidenceScore"":1,""checkedAt"":""2026-07-25T03:47:17.789Z""},{""fieldName"":""officialWebsiteUrl"",""sourceUrl"":""https://www.lanewaymusic.com.au/little-murders"",""summary"":""No official website URL found"",""confidenceScore"":1,""checkedAt"":""2026-07-25T03:47:17.789Z""},{""fieldName"":""heroAsset"",""sourceUrl"":""https://www.lanewaymusic.com.au/little-murders"",""summary"":""No hero asset image URL found"",""confidenceScore"":1,""checkedAt"":""2026-07-25T03:47:17.789Z""}]",2026-07-25T04:54:34.143Z
rca_f956beb0,"Love Child are from Sydney and combine old school rock influences with a touch of blues and a modern attitude. They recreate classic rock sounds, combining influences from both sides of the Atlantic, infusing Motown whilst adding an Australian blues edge to the mix. Love Child are wild, soulful, powerful & raw.",0.99,2026-07-25T03:28:27.319Z,,"[""rock"",""blues""]","https://static.wixstatic.com/media/9acc25_e21a21ce785145c38bdc05f0643a8430~mv2.jpg/v1/fill/w_960,h_640,al_c/9acc25_e21a21ce785145c38bdc05f0643a8430~mv2.jpg",Sydney,Love Child,https://www.lanewaymusic.com.au/lovechild,,published,rc_b9181116,love-child-177691,"[{""fieldName"":""biography"",""sourceUrl"":""https://www.lanewaymusic.com.au/lovechild"",""summary"":""Biographical information about Love Child"",""confidenceScore"":1,""checkedAt"":""2026-07-25T03:47:47.063Z""},{""fieldName"":""genres"",""sourceUrl"":""https://www.lanewaymusic.com.au/lovechild"",""summary"":""Music genres associated with Love Child"",""confidenceScore"":1,""checkedAt"":""2026-07-25T03:47:47.063Z""},{""fieldName"":""location"",""sourceUrl"":""https://www.lanewaymusic.com.au/lovechild"",""summary"":""City of origin for Love Child"",""confidenceScore"":1,""checkedAt"":""2026-07-25T03:47:47.063Z""},{""fieldName"":""officialWebsiteUrl"",""sourceUrl"":""https://www.lanewaymusic.com.au/lovechild"",""summary"":""No official website URL found"",""confidenceScore"":1,""checkedAt"":""2026-07-25T03:47:47.063Z""},{""fieldName"":""heroAsset"",""sourceUrl"":""https://www.lanewaymusic.com.au/lovechild"",""summary"":""No hero asset image URL found"",""confidenceScore"":1,""checkedAt"":""2026-07-25T03:47:47.063Z""}]",2026-07-25T04:54:34.143Z
rca_c151fb41,"Madder Lake are an Australian progressive rock band who originally formed in Melbourne in the late 60s. They were one of the first bands signed to Michael Gudinski's Mushroom Records, who released their debut single, ""Goodbye Lollipop"" in 1973, followed by the album Stillpoint. This contained their biggest hit, the smash single ""12lb Toothbrush"". Madder Lake remain active today, playing live consistently.",0.99,2026-07-25T03:28:27.319Z,,"[""progressive rock""]","https://static.wixstatic.com/media/9acc25_6711f3b70ba34b68b5f41c06a251e14e~mv2.jpg/v1/fill/w_1300,h_740,al_c/9acc25_6711f3b70ba34b68b5f41c06a251e14e~mv2.jpg","Melbourne, Australia",Madder Lake,https://www.lanewaymusic.com.au/madder-lake,,published,rc_b9181116,madder-lake-9cd7ac,"[{""fieldName"":""biography"",""sourceUrl"":""https://www.lanewaymusic.com.au/madder-lake"",""summary"":""Official biography of Madder Lake from Laneway Music"",""confidenceScore"":1,""checkedAt"":""2026-07-25T03:48:04.687Z""},{""fieldName"":""genres"",""sourceUrl"":""https://www.lanewaymusic.com.au/madder-lake"",""summary"":""Genre mentioned in the biography"",""confidenceScore"":1,""checkedAt"":""2026-07-25T03:48:04.687Z""},{""fieldName"":""location"",""sourceUrl"":""https://www.lanewaymusic.com.au/madder-lake"",""summary"":""Location mentioned in the biography"",""confidenceScore"":1,""checkedAt"":""2026-07-25T03:48:04.687Z""}]",2026-07-25T04:54:34.143Z
rca_33bd6ddc,"Mark Williams, originally from New Zealand, has lived in Australia since the late 70s and has a long and rich music history in both countries. He is well known for his energetic live performances and his powerhouse rock/soul voice. He has released numerous albums, and has a string of hit singles in New Zealand and Australia, including the smash hit 'Show No Mercy' from 1990 and a version of 'Time After Time' with Tara Morice from the movie Strictly Ballroom.",0.99,2026-07-25T03:28:27.319Z,,"[""rock"",""soul""]","https://static.wixstatic.com/media/9acc25_e7a33bd9f61f43bc96684220d1f0753f.png/v1/fit/w_2500,h_1330,al_c/9acc25_e7a33bd9f61f43bc96684220d1f0753f.png",Australia/New Zealand,Mark Williams,https://www.lanewaymusic.com.au/mark-williams,,published,rc_b9181116,mark-williams-7ce381,"[{""fieldName"":""biography"",""sourceUrl"":""https://www.lanewaymusic.com.au/mark-williams"",""summary"":""Biographical information about Mark Williams"",""confidenceScore"":1,""checkedAt"":""2026-07-25T03:48:28.437Z""},{""fieldName"":""genres"",""sourceUrl"":""https://www.lanewaymusic.com.au/mark-williams"",""summary"":""Rock and soul genres mentioned in biography"",""confidenceScore"":1,""checkedAt"":""2026-07-25T03:48:28.437Z""},{""fieldName"":""location"",""sourceUrl"":""https://www.lanewaymusic.com.au/mark-williams"",""summary"":""Mark Williams originally from New Zealand, has lived in Australia since the late 70s"",""confidenceScore"":1,""checkedAt"":""2026-07-25T03:48:28.437Z""},{""fieldName"":""officialWebsiteUrl"",""sourceUrl"":""https://www.lanewaymusic.com.au/mark-williams"",""summary"":""No official website URL found"",""confidenceScore"":1,""checkedAt"":""2026-07-25T03:48:28.437Z""},{""fieldName"":""heroAsset"",""sourceUrl"":""https://www.lanewaymusic.com.au/mark-williams"",""summary"":""No hero asset image URL found"",""confidenceScore"":1,""checkedAt"":""2026-07-25T03:48:28.437Z""}]",2026-07-25T04:54:34.143Z
rca_7f5426e0,"Matt Taylor is a living legend in the Australian rock scene, performing and recording for over 40 years. He has delivered Australian Rock and Blues with an Australian Pub Rock edge, with over 20 albums to his name, including work with legendary band ""Chain"" and as a solo artist.",0.99,2026-07-25T03:28:27.319Z,,"[""Australian Rock"",""Blues"",""Australian Pub Rock""]","https://static.wixstatic.com/media/9acc25_e7a33bd9f61f43bc96684220d1f0753f.png/v1/fit/w_2500,h_1330,al_c/9acc25_e7a33bd9f61f43bc96684220d1f0753f.png",,Matt Taylor,https://www.lanewaymusic.com.au/matt-taylor,,published,rc_b9181116,matt-taylor-3fca90,"[{""fieldName"":""biography"",""sourceUrl"":""https://www.lanewaymusic.com.au/matt-taylor"",""summary"":""Biographical information about Matt Taylor's music career"",""confidenceScore"":1,""checkedAt"":""2026-07-25T03:48:46.134Z""},{""fieldName"":""genres"",""sourceUrl"":""https://www.lanewaymusic.com.au/matt-taylor"",""summary"":""Genres mentioned in Matt Taylor's biography"",""confidenceScore"":1,""checkedAt"":""2026-07-25T03:48:46.134Z""},{""fieldName"":""location"",""sourceUrl"":""https://www.lanewaymusic.com.au/matt-taylor"",""summary"":""No location mentioned in Matt Taylor's biography"",""confidenceScore"":1,""checkedAt"":""2026-07-25T03:48:46.134Z""}]",2026-07-25T04:54:34.143Z
rca_da93a5ae,,0.99,2026-07-25T03:28:27.319Z,Identity confidence 80% is below 98%.,[],,,Mike Rudd,https://www.lanewaymusic.com.au/mike-rudd,,skipped,rc_b9181116,mike-rudd-d25a70,"[{""fieldName"":""roster_membership"",""sourceUrl"":""https://www.lanewaymusic.com.au/"",""summary"":""Listed as Mike Rudd on the official roster."",""confidenceScore"":0.99,""checkedAt"":""2026-07-25T03:28:27.319Z""}]",2026-07-25T04:54:34.143Z
rca_ff514d19,,0.99,2026-07-25T03:28:27.319Z,Identity confidence 90% is below 98%.,[],,,Mississippi Shakedown,https://www.lanewaymusic.com.au/mississippishakedown,,skipped,rc_b9181116,mississippi-shakedown-e85b2e,"[{""fieldName"":""roster_membership"",""sourceUrl"":""https://www.lanewaymusic.com.au/"",""summary"":""Listed as Mississippi Shakedown on the official roster."",""confidenceScore"":0.99,""checkedAt"":""2026-07-25T03:28:27.319Z""}]",2026-07-25T04:54:34.143Z
rca_a6c3e440,"Mother Goose formed in Dunedin, New Zealand in September 1975. The band moved to Australia in late 1976 and built up a huge following with their high-energy stage show and exceptional musicianship. They were signed to Mushroom Records in 1977 and released several albums, including 'Stuffed', 'Don't Believe in Fairytales', and 'This is the Life'.",0.99,2026-07-25T03:28:27.319Z,,[],"https://static.wixstatic.com/media/9acc25_e7a33bd9f61f43bc96684220d1f0753f.png/v1/fit/w_2500,h_1330,al_c/9acc25_e7a33bd9f61f43bc96684220d1f0753f.png","Dunedin, New Zealand",Mother Goose,https://www.lanewaymusic.com.au/mothergoose,,published,rc_b9181116,mother-goose-a042f7,"[{""fieldName"":""biography"",""sourceUrl"":""https://www.lanewaymusic.com.au/mothergoose"",""summary"":""Official biography of Mother Goose on Laneway Music website"",""confidenceScore"":1,""checkedAt"":""2026-07-25T03:49:27.037Z""},{""fieldName"":""location"",""sourceUrl"":""https://www.lanewaymusic.com.au/mothergoose"",""summary"":""Mother Goose formed in Dunedin, New Zealand"",""confidenceScore"":1,""checkedAt"":""2026-07-25T03:49:27.037Z""}]",2026-07-25T04:54:34.143Z
rca_bf918952,,0.99,2026-07-25T03:28:27.319Z,Identity confidence 90% is below 98%.,[],,,New Age,https://www.lanewaymusic.com.au/new-age,,skipped,rc_b9181116,new-age-5ec5f2,"[{""fieldName"":""roster_membership"",""sourceUrl"":""https://www.lanewaymusic.com.au/"",""summary"":""Listed as New Age on the official roster."",""confidenceScore"":0.99,""checkedAt"":""2026-07-25T03:28:27.319Z""}]",2026-07-25T04:54:34.143Z
rca_2a30f010,,0.99,2026-07-25T03:28:27.319Z,Identity confidence 90% is below 98%.,[],,,Old Blue Dogs,https://www.lanewaymusic.com.au/oldbluedogs,,skipped,rc_b9181116,old-blue-dogs-aff3ff,"[{""fieldName"":""roster_membership"",""sourceUrl"":""https://www.lanewaymusic.com.au/"",""summary"":""Listed as Old Blue Dogs on the official roster."",""confidenceScore"":0.99,""checkedAt"":""2026-07-25T03:28:27.319Z""}]",2026-07-25T04:54:34.143Z
rca_1e3e2d2e,"Pat Powell, also known as Patou, is one of Australia's most accomplished vocal talents with a career spanning over four decades. He has shared the stage with musical giants, honing his art of commanding attention with a unique combination of soulful understatement and compelling passion. As a session singer, he has recorded with artists like James Freud, Max Q, and Jenny Morris, and has toured with Kylie Minogue worldwide.",0.99,2026-07-25T03:28:27.319Z,,[],"https://static.wixstatic.com/media/9acc25_e7a33bd9f61f43bc96684220d1f0753f.png/v1/fit/w_2500,h_1330,al_c/9acc25_e7a33bd9f61f43bc96684220d1f0753f.png",Australia,Pat Powell,https://www.lanewaymusic.com.au/patpowell,,published,rc_b9181116,pat-powell-9c1dab,"[{""fieldName"":""biography"",""sourceUrl"":""https://www.lanewaymusic.com.au/patpowell"",""summary"":""Biographical information about Pat Powell's career and accomplishments"",""confidenceScore"":1,""checkedAt"":""2026-07-25T03:50:08.587Z""},{""fieldName"":""location"",""sourceUrl"":""https://www.lanewaymusic.com.au/patpowell"",""summary"":""Location mentioned as Australia"",""confidenceScore"":1,""checkedAt"":""2026-07-25T03:50:08.587Z""}]",2026-07-25T04:54:34.143Z
rca_4f6c2da8,"Peter Money is a singer-songwriter from Perth, known for his honest and raw, yet polished and poetic music. He invites listeners into his life with every note, creating a sense of familiarity. Inspired by folk, pop, and rock, his songs are heartfelt and relatable.",0.99,2026-07-25T03:28:27.319Z,,"[""folk"",""pop"",""rock""]","https://static.wixstatic.com/media/9acc25_bbe611ddf9be4917b5aaa56eeaaecaff~mv2.jpg/v1/fill/w_781,h_783,al_c/9acc25_bbe611ddf9be4917b5aaa56eeaaecaff~mv2.jpg",Perth,Peter Money,https://www.lanewaymusic.com.au/petermoney,,published,rc_b9181116,peter-money-070b00,"[{""fieldName"":""biography"",""sourceUrl"":""https://www.lanewaymusic.com.au/petermoney"",""summary"":""The biography of Peter Money on the Laneway Music website."",""confidenceScore"":1,""checkedAt"":""2026-07-25T03:50:29.230Z""},{""fieldName"":""genres"",""sourceUrl"":""https://www.lanewaymusic.com.au/petermoney"",""summary"":""The genres mentioned as inspirations for Peter Money's music on the Laneway Music website."",""confidenceScore"":1,""checkedAt"":""2026-07-25T03:50:29.230Z""},{""fieldName"":""location"",""sourceUrl"":""https://www.lanewaymusic.com.au/petermoney"",""summary"":""Peter Money's hometown mentioned on the Laneway Music website."",""confidenceScore"":1,""checkedAt"":""2026-07-25T03:50:29.230Z""}]",2026-07-25T04:54:34.143Z
rca_74e5c5ac,,0.99,2026-07-25T03:28:27.319Z,Identity confidence 90% is below 98%.,[],,,Phil Manning,https://www.lanewaymusic.com.au/phil-manning,,skipped,rc_b9181116,phil-manning-1360cf,"[{""fieldName"":""roster_membership"",""sourceUrl"":""https://www.lanewaymusic.com.au/"",""summary"":""Listed as Phil Manning on the official roster."",""confidenceScore"":0.99,""checkedAt"":""2026-07-25T03:28:27.319Z""}]",2026-07-25T04:54:34.143Z
rca_f9a1726f,"Pray TV began in 1987 in Melbourne, Australia. The band had various members over the years, with consistent members Aidan Halloran (vocals) and Martin Kennedy (guitar/bass). They were swept up in the major label frenzy following Nirvana's success and disbanded in 1997. Laneway Music is proud to have Pray TV's catalogue.",0.99,2026-07-25T03:28:27.319Z,,"[""rock""]","https://static.wixstatic.com/media/9acc25_e7a33bd9f61f43bc96684220d1f0753f.png/v1/fit/w_2500,h_1330,al_c/9acc25_e7a33bd9f61f43bc96684220d1f0753f.png","Melbourne, Australia",Pray TV,https://www.lanewaymusic.com.au/pray-tv,,published,rc_b9181116,pray-tv-7d03c6,"[{""fieldName"":""biography"",""sourceUrl"":""https://www.lanewaymusic.com.au/pray-tv"",""summary"":""Biographical information about Pray TV's history and members."",""confidenceScore"":1,""checkedAt"":""2026-07-25T03:54:25.025Z""},{""fieldName"":""genres"",""sourceUrl"":""https://www.lanewaymusic.com.au/pray-tv"",""summary"":""Genre information about Pray TV."",""confidenceScore"":0.5,""checkedAt"":""2026-07-25T03:54:25.025Z""},{""fieldName"":""location"",""sourceUrl"":""https://www.lanewaymusic.com.au/pray-tv"",""summary"":""Location information about Pray TV."",""confidenceScore"":1,""checkedAt"":""2026-07-25T03:54:25.025Z""},{""fieldName"":""officialWebsiteUrl"",""sourceUrl"":""https://www.lanewaymusic.com.au/pray-tv"",""summary"":""No official website URL found."",""confidenceScore"":1,""checkedAt"":""2026-07-25T03:54:25.025Z""},{""fieldName"":""heroAsset"",""sourceUrl"":""https://www.lanewaymusic.com.au/pray-tv"",""summary"":""No hero asset image URL found."",""confidenceScore"":1,""checkedAt"":""2026-07-25T03:54:25.025Z""}]",2026-07-25T04:54:34.143Z
rca_b435b720,,0.99,2026-07-25T03:28:27.319Z,Identity confidence 80% is below 98%.,[],,,Radio KSG,https://www.lanewaymusic.com.au/radioksg,,skipped,rc_b9181116,radio-ksg-7ee93f,"[{""fieldName"":""roster_membership"",""sourceUrl"":""https://www.lanewaymusic.com.au/"",""summary"":""Listed as Radio KSG on the official roster."",""confidenceScore"":0.99,""checkedAt"":""2026-07-25T03:28:27.319Z""}]",2026-07-25T04:54:34.143Z
rca_2ce261a8,,0.99,2026-07-25T03:28:27.319Z,Identity confidence 90% is below 98%.,[],,,ReggaeSPYS,https://www.lanewaymusic.com.au/reggaespys,,skipped,rc_b9181116,reggaespys-7cec64,"[{""fieldName"":""roster_membership"",""sourceUrl"":""https://www.lanewaymusic.com.au/"",""summary"":""Listed as ReggaeSPYS on the official roster."",""confidenceScore"":0.99,""checkedAt"":""2026-07-25T03:28:27.319Z""}]",2026-07-25T04:54:34.143Z
rca_85b9306e,"Remora are a Melbourne rock band with a pedigree in cult bands forged across many years (Pseudo Echo, James Freud & Berlin, Stealer, Argus). In addition to producing excellent original material, Remora have released two albums paying tribute to some of the Classic Rock greats of years gone by.",0.99,2026-07-25T03:28:27.319Z,,"[""rock"",""classic rock""]","https://static.wixstatic.com/media/9acc25_e7a33bd9f61f43bc96684220d1f0753f.png/v1/fit/w_2500,h_1330,al_c/9acc25_e7a33bd9f61f43bc96684220d1f0753f.png",Melbourne,Remora,https://www.lanewaymusic.com.au/remora,,published,rc_b9181116,remora-2403be,"[{""fieldName"":""biography"",""sourceUrl"":""https://www.lanewaymusic.com.au/remora"",""summary"":""Official biography of Remora on Laneway Music website"",""confidenceScore"":1,""checkedAt"":""2026-07-25T03:55:15.669Z""},{""fieldName"":""genres"",""sourceUrl"":""https://www.lanewaymusic.com.au/remora"",""summary"":""Genres inferred from biography on Laneway Music website"",""confidenceScore"":1,""checkedAt"":""2026-07-25T03:55:15.669Z""},{""fieldName"":""location"",""sourceUrl"":""https://www.lanewaymusic.com.au/remora"",""summary"":""Location mentioned in biography on Laneway Music website"",""confidenceScore"":1,""checkedAt"":""2026-07-25T03:55:15.669Z""}]",2026-07-25T04:54:34.143Z
rca_fe340b6e,,0.99,2026-07-25T03:28:27.319Z,Identity confidence 80% is below 98%.,[],,,Serelle,https://www.lanewaymusic.com.au/serelle,,skipped,rc_b9181116,serelle-b0bb02,"[{""fieldName"":""roster_membership"",""sourceUrl"":""https://www.lanewaymusic.com.au/"",""summary"":""Listed as Serelle on the official roster."",""confidenceScore"":0.99,""checkedAt"":""2026-07-25T03:28:27.319Z""}]",2026-07-25T04:54:34.143Z
rca_e8248e08,"Seven Stories were an Adelaide rock band with two albums to their credit. In 1991 they were nominated for an ARIA award as 'best new talent' in Australia, however disbanded only a couple of years later.",0.99,2026-07-25T03:28:27.319Z,,"[""rock""]","https://static.wixstatic.com/media/9acc25_e7a33bd9f61f43bc96684220d1f0753f.png/v1/fit/w_2500,h_1330,al_c/9acc25_e7a33bd9f61f43bc96684220d1f0753f.png",Adelaide,Seven Stories,https://www.lanewaymusic.com.au/sevenstories,,published,rc_b9181116,seven-stories-eca95e,"[{""0"":""b"",""1"":""i"",""2"":""o"",""3"":""g"",""4"":""r"",""5"":""a"",""6"":""p"",""7"":""h"",""8"":""y"",""sourceUrl"":""https://www.lanewaymusic.com.au/sevenstories"",""checkedAt"":""2026-07-25T03:55:43.410Z""},{""0"":""h"",""1"":""t"",""2"":""t"",""3"":""p"",""4"":""s"",""5"":"":"",""6"":""/"",""7"":""/"",""8"":""w"",""9"":""w"",""10"":""w"",""11"":""."",""12"":""l"",""13"":""a"",""14"":""n"",""15"":""e"",""16"":""w"",""17"":""a"",""18"":""y"",""19"":""m"",""20"":""u"",""21"":""s"",""22"":""i"",""23"":""c"",""24"":""."",""25"":""c"",""26"":""o"",""27"":""m"",""28"":""."",""29"":""a"",""30"":""u"",""31"":""/"",""32"":""s"",""33"":""e"",""34"":""v"",""35"":""e"",""36"":""n"",""37"":""s"",""38"":""t"",""39"":""o"",""40"":""r"",""41"":""i"",""42"":""e"",""43"":""s"",""sourceUrl"":""https://www.lanewaymusic.com.au/sevenstories"",""checkedAt"":""2026-07-25T03:55:43.410Z""},{""0"":""O"",""1"":""f"",""2"":""f"",""3"":""i"",""4"":""c"",""5"":""i"",""6"":""a"",""7"":""l"",""8"":"" "",""9"":""a"",""10"":""r"",""11"":""t"",""12"":""i"",""13"":""s"",""14"":""t"",""15"":"" "",""16"":""p"",""17"":""a"",""18"":""g"",""19"":""e"",""20"":"" "",""21"":""o"",""22"":""n"",""23"":"" "",""24"":""L"",""25"":""a"",""26"":""n"",""27"":""e"",""28"":""w"",""29"":""a"",""30"":""y"",""31"":"" "",""32"":""M"",""33"":""u"",""34"":""s"",""35"":""i"",""36"":""c"",""sourceUrl"":""https://www.lanewaymusic.com.au/sevenstories"",""checkedAt"":""2026-07-25T03:55:43.410Z""},{""sourceUrl"":""https://www.lanewaymusic.com.au/sevenstories"",""checkedAt"":""2026-07-25T03:55:43.410Z""}]",2026-07-25T04:54:34.143Z
rca_24d07b87,,0.99,2026-07-25T03:28:27.319Z,Identity confidence 40% is below 98%.,[],,,She's The Driver,https://www.lanewaymusic.com.au/she-s-the-driver,,skipped,rc_b9181116,she-s-the-driver-b15d07,"[{""fieldName"":""roster_membership"",""sourceUrl"":""https://www.lanewaymusic.com.au/"",""summary"":""Listed as She's The Driver on the official roster."",""confidenceScore"":0.99,""checkedAt"":""2026-07-25T03:28:27.319Z""}]",2026-07-25T04:54:34.143Z
rca_7ad59425,"Shock Poets were formed in 1994 as a side project by Mark Cuffe and Craig Bloxom (v Spy v Spy) and Paul Wheeler (Icehouse). The band had moderate success in Australia with the song 'Never Should Have Bothered You', however were significantly more successful in Brazil, off the back of the Spy's success, with the track being a smash hit in that country.",0.99,2026-07-25T03:28:27.319Z,,[],"https://static.wixstatic.com/media/9acc25_e7a33bd9f61f43bc96684220d1f0753f.png/v1/fit/w_2500,h_1330,al_c/9acc25_e7a33bd9f61f43bc96684220d1f0753f.png",,Shock Poets,https://www.lanewaymusic.com.au/shockpoets,,published,rc_b9181116,shock-poets-4ebc73,"[{""fieldName"":""biography"",""sourceUrl"":""https://www.lanewaymusic.com.au/shockpoets"",""summary"":""Biography of Shock Poets"",""confidenceScore"":1,""checkedAt"":""2026-07-25T03:56:17.797Z""},{""fieldName"":""genres"",""sourceUrl"":""https://www.lanewaymusic.com.au/shockpoets"",""summary"":""No genres mentioned"",""confidenceScore"":1,""checkedAt"":""2026-07-25T03:56:17.797Z""},{""fieldName"":""location"",""sourceUrl"":""https://www.lanewaymusic.com.au/shockpoets"",""summary"":""No location mentioned"",""confidenceScore"":1,""checkedAt"":""2026-07-25T03:56:17.797Z""},{""fieldName"":""officialWebsiteUrl"",""sourceUrl"":""https://www.lanewaymusic.com.au/shockpoets"",""summary"":""No official website URL mentioned"",""confidenceScore"":1,""checkedAt"":""2026-07-25T03:56:17.797Z""},{""fieldName"":""heroAsset"",""sourceUrl"":""https://www.lanewaymusic.com.au/shockpoets"",""summary"":""No hero asset mentioned"",""confidenceScore"":1,""checkedAt"":""2026-07-25T03:56:17.797Z""}]",2026-07-25T04:54:34.143Z
rca_aefa3291,SideShow Annie is an exotic musical gem. Honouring that old school rock and blues. They effortlessly weave eastern and western influences too like a rich tapestry. Fronted by the inimitable dynamo Gillian Taylor-Reynolds this magical circus of musicians is both seasoned and charismatic.,0.99,2026-07-25T03:28:27.319Z,,"[""rock"",""blues""]","https://static.wixstatic.com/media/9acc25_b3785cb2fd1146b89a6a4b021debe084~mv2.jpg/v1/fill/w_716,h_600,al_c/9acc25_b3785cb2fd1146b89a6a4b021debe084~mv2.jpg",,SideShow Annie,https://www.lanewaymusic.com.au/sideshowannie,,published,rc_b9181116,sideshow-annie-27c4a2,"[{""fieldName"":""biography"",""sourceUrl"":""https://www.lanewaymusic.com.au/sideshowannie"",""summary"":""Biography of SideShow Annie"",""confidenceScore"":1,""checkedAt"":""2026-07-25T03:56:35.851Z""},{""fieldName"":""genres"",""sourceUrl"":""https://www.lanewaymusic.com.au/sideshowannie"",""summary"":""Rock and blues influences mentioned"",""confidenceScore"":1,""checkedAt"":""2026-07-25T03:56:35.851Z""}]",2026-07-25T04:54:34.143Z
rca_afdd6efa,"The Southbound Snake Charmers have been conjuring up their own unique brand of swampy blues since 2013. From Melbourne, Australia, but with their souls lurking in the Deep South, they weave tales of hoodoo folklore, hard luck, harder liquor and the seedy underground.",0.99,2026-07-25T03:28:27.319Z,,"[""blues""]","https://static.wixstatic.com/media/9acc25_e7a33bd9f61f43bc96684220d1f0753f.png/v1/fit/w_2500,h_1330,al_c/9acc25_e7a33bd9f61f43bc96684220d1f0753f.png","Melbourne, Australia",Southbound Snake Charmers,https://www.lanewaymusic.com.au/southboundsnakecharmers,,published,rc_b9181116,southbound-snake-charmers-68dab5,"[{""fieldName"":""biography"",""sourceUrl"":""https://www.lanewaymusic.com.au/southboundsnakecharmers"",""summary"":""Biographical information about Southbound Snake Charmers"",""confidenceScore"":1,""checkedAt"":""2026-07-25T03:56:59.928Z""},{""fieldName"":""genres"",""sourceUrl"":""https://www.lanewaymusic.com.au/southboundsnakecharmers"",""summary"":""Genre implied by description of music style"",""confidenceScore"":0.5,""checkedAt"":""2026-07-25T03:56:59.928Z""},{""fieldName"":""location"",""sourceUrl"":""https://www.lanewaymusic.com.au/southboundsnakecharmers"",""summary"":""Location of the band"",""confidenceScore"":1,""checkedAt"":""2026-07-25T03:56:59.928Z""},{""fieldName"":""officialWebsiteUrl"",""sourceUrl"":""https://www.lanewaymusic.com.au/southboundsnakecharmers"",""summary"":""No official website URL found"",""confidenceScore"":1,""checkedAt"":""2026-07-25T03:56:59.928Z""},{""fieldName"":""heroAsset"",""sourceUrl"":""https://www.lanewaymusic.com.au/southboundsnakecharmers"",""summary"":""No hero asset image URL found"",""confidenceScore"":1,""checkedAt"":""2026-07-25T03:56:59.928Z""}]",2026-07-25T04:54:34.143Z
rca_0443ced3,"Spencer P. Jones is a bona-fide Australian rock legend with a legacy including The Johnny's, Beasts of Bourbon, Olympic Sideburns, Paul Kelly's Coloured Girls, and an enormous solo catalogue. He was named one of Australia's Top 40 guitarists by Australian Guitar Magazine in 2012. Sadly, he passed away in 2018 due to cancer, but his music lives on.",0.99,2026-07-25T03:28:27.319Z,,"[""rock""]","https://static.wixstatic.com/media/9acc25_e7a33bd9f61f43bc96684220d1f0753f.png/v1/fit/w_2500,h_1330,al_c/9acc25_e7a33bd9f61f43bc96684220d1f0753f.png",Australia,Spencer P. Jones,https://www.lanewaymusic.com.au/spencerpjones,,published,rc_b9181116,spencer-p-jones-34dfbf,"[{""fieldName"":""biography"",""sourceUrl"":""https://www.lanewaymusic.com.au/spencerpjones"",""summary"":""Biographical information about Spencer P. Jones, including his legacy and achievements."",""confidenceScore"":1,""checkedAt"":""2026-07-25T03:57:29.464Z""},{""fieldName"":""genres"",""sourceUrl"":""https://www.lanewaymusic.com.au/spencerpjones"",""summary"":""Genre information inferred from the biography, mentioning 'Australian rock legend'."",""confidenceScore"":1,""checkedAt"":""2026-07-25T03:57:29.464Z""},{""fieldName"":""location"",""sourceUrl"":""https://www.lanewaymusic.com.au/spencerpjones"",""summary"":""Location mentioned as Australia in the biography."",""confidenceScore"":1,""checkedAt"":""2026-07-25T03:57:29.464Z""},{""fieldName"":""officialWebsiteUrl"",""sourceUrl"":""https://www.lanewaymusic.com.au/spencerpjones"",""summary"":""No official website URL found on the page."",""confidenceScore"":1,""checkedAt"":""2026-07-25T03:57:29.464Z""},{""fieldName"":""heroAsset"",""sourceUrl"":""https://www.lanewaymusic.com.au/spencerpjones"",""summary"":""No hero asset image URL found on the page."",""confidenceScore"":1,""checkedAt"":""2026-07-25T03:57:29.464Z""}]",2026-07-25T04:54:34.143Z
rca_9819c414,,0.99,2026-07-25T03:28:27.319Z,Identity confidence 80% is below 98%.,[],,,Stephen Walls,https://www.lanewaymusic.com.au/stephenwalls,,skipped,rc_b9181116,stephen-walls-9a2ed1,"[{""fieldName"":""roster_membership"",""sourceUrl"":""https://www.lanewaymusic.com.au/"",""summary"":""Listed as Stephen Walls on the official roster."",""confidenceScore"":0.99,""checkedAt"":""2026-07-25T03:28:27.319Z""}]",2026-07-25T04:54:34.143Z
rca_15dadd0c,,0.99,2026-07-25T03:28:27.319Z,Identity confidence 80% is below 98%.,[],,,Steve Hoy,https://www.lanewaymusic.com.au/steve-hoy,,skipped,rc_b9181116,steve-hoy-12693a,"[{""fieldName"":""roster_membership"",""sourceUrl"":""https://www.lanewaymusic.com.au/"",""summary"":""Listed as Steve Hoy on the official roster."",""confidenceScore"":0.99,""checkedAt"":""2026-07-25T03:28:27.319Z""}]",2026-07-25T04:54:34.143Z
rca_7d6eb2e9,,0.99,2026-07-25T03:28:27.319Z,Identity confidence 80% is below 98%.,[],,,Stockley See Mason,https://www.lanewaymusic.com.au/stockleyseemason,,skipped,rc_b9181116,stockley-see-mason-63d746,"[{""fieldName"":""roster_membership"",""sourceUrl"":""https://www.lanewaymusic.com.au/"",""summary"":""Listed as Stockley See Mason on the official roster."",""confidenceScore"":0.99,""checkedAt"":""2026-07-25T03:28:27.319Z""}]",2026-07-25T04:54:34.143Z
rca_6536cd57,"Stu Thomas is a multi-instrumentalist, composer, singer and artist, and fronts his own red-hot voodoo-surf wunderband The Stu Thomas Paradox. He’s played in 20 countries with some of Australia’s greats (including Kim Salmon & The Surrealists, and Dave Graney). Stu, both with his various bands and solo, has an incredible body of work which Laneway Music is proud to have distributed digitally worldwide.",0.99,2026-07-25T03:28:27.319Z,,"[""voodoo-surf""]","https://static.wixstatic.com/media/9acc25_7bed714053fa44a2b9f5c9768a5714d7~mv2.png/v1/fill/w_590,h_350,al_c/9acc25_7bed714053fa44a2b9f5c9768a5714d7~mv2.png",,Stu Thomas,https://www.lanewaymusic.com.au/stu-thomas,,published,rc_b9181116,stu-thomas-6fdfd9,"[{""0"":""biography"",""1"":""https://www.lanewaymusic.com.au/stu-thomas"",""2"":""Official artist page with biography"",""3"":1,""sourceUrl"":""https://www.lanewaymusic.com.au/stu-thomas"",""checkedAt"":""2026-07-25T04:04:17.020Z""},{""0"":""genres"",""1"":""https://www.lanewaymusic.com.au/stu-thomas"",""2"":""Genre mentioned on official artist page"",""3"":1,""sourceUrl"":""https://www.lanewaymusic.com.au/stu-thomas"",""checkedAt"":""2026-07-25T04:04:17.020Z""},{""0"":""location"",""1"":""https://www.lanewaymusic.com.au/stu-thomas"",""2"":""No location mentioned on official artist page"",""3"":1,""sourceUrl"":""https://www.lanewaymusic.com.au/stu-thomas"",""checkedAt"":""2026-07-25T04:04:17.020Z""},{""0"":""officialWebsiteUrl"",""1"":""https://www.lanewaymusic.com.au/stu-thomas"",""2"":""No official website URL mentioned on official artist page"",""3"":1,""sourceUrl"":""https://www.lanewaymusic.com.au/stu-thomas"",""checkedAt"":""2026-07-25T04:04:17.020Z""},{""0"":""heroAsset"",""1"":""https://www.lanewaymusic.com.au/stu-thomas"",""2"":""No hero asset image URL mentioned on official artist page"",""3"":1,""sourceUrl"":""https://www.lanewaymusic.com.au/stu-thomas"",""checkedAt"":""2026-07-25T04:04:17.020Z""}]",2026-07-25T04:54:34.143Z
rca_b30b5e42,"The 31st was a band from Brisbane in 1977, featuring Ron Peno, Mick Medew, Chris Welsh, and Tony Robertson. They were known for being raw and passionate, blending pop and rock styles. The band was a supergroup of musicians who went on to create a significant legacy in Australian alternative rock music.",0.99,2026-07-25T03:28:27.319Z,,"[""pop"",""rock"",""alternative rock""]","https://static.wixstatic.com/media/9acc25_e7a33bd9f61f43bc96684220d1f0753f.png/v1/fit/w_2500,h_1330,al_c/9acc25_e7a33bd9f61f43bc96684220d1f0753f.png",Brisbane,The 31st,https://www.lanewaymusic.com.au/the31st,,published,rc_b9181116,31st-8a20cc,"[{""fieldName"":""biography"",""sourceUrl"":""https://www.lanewaymusic.com.au/the31st"",""summary"":""The biography of The 31st was accurately extracted from the official Laneway Music page."",""confidenceScore"":1,""checkedAt"":""2026-07-25T04:04:39.158Z""},{""fieldName"":""genres"",""sourceUrl"":""https://www.lanewaymusic.com.au/the31st"",""summary"":""The genres were inferred from the description of the band's style as 'pop, rock, light, dark'."",""confidenceScore"":0.8,""checkedAt"":""2026-07-25T04:04:39.158Z""},{""fieldName"":""location"",""sourceUrl"":""https://www.lanewaymusic.com.au/the31st"",""summary"":""The location of The 31st was explicitly mentioned as Brisbane."",""confidenceScore"":1,""checkedAt"":""2026-07-25T04:04:39.158Z""},{""fieldName"":""officialWebsiteUrl"",""sourceUrl"":""https://www.lanewaymusic.com.au/the31st"",""summary"":""No official website URL was found on the page."",""confidenceScore"":1,""checkedAt"":""2026-07-25T04:04:39.158Z""},{""fieldName"":""heroAsset"",""sourceUrl"":""https://www.lanewaymusic.com.au/the31st"",""summary"":""No hero asset image URL was found on the page."",""confidenceScore"":1,""checkedAt"":""2026-07-25T04:04:39.158Z""}]",2026-07-25T04:54:34.143Z
rca_170f24cf,,0.99,2026-07-25T03:28:27.319Z,Identity confidence 90% is below 98%.,[],,,The Hitmen,https://www.lanewaymusic.com.au/the-hitmen,,skipped,rc_b9181116,hitmen-d00efe,"[{""fieldName"":""roster_membership"",""sourceUrl"":""https://www.lanewaymusic.com.au/"",""summary"":""Listed as The Hitmen on the official roster."",""confidenceScore"":0.99,""checkedAt"":""2026-07-25T03:28:27.319Z""}]",2026-07-25T04:54:34.143Z
rca_82d9ac4a,"The Mark of Cain, based in Adelaide, is described as one of 'the best and most brutal bands around'. Formed in 1984, the band features brothers Kim and Mark Scott. Influenced by Joy Division, The Doors, and authors like Herman Hesse and Fydor Dostoyevsky, they create a dark, intellectual take on post punk. With 5 albums and numerous singles, they are one of Australia's great hard rock bands.",0.99,2026-07-25T03:28:27.319Z,,"[""post punk"",""hard rock""]","https://static.wixstatic.com/media/9acc25_e7a33bd9f61f43bc96684220d1f0753f.png/v1/fit/w_2500,h_1330,al_c/9acc25_e7a33bd9f61f43bc96684220d1f0753f.png",Adelaide,The Mark of Cain,https://www.lanewaymusic.com.au/themarkofcain,,published,rc_b9181116,mark-of-cain-df7049,"[{""fieldName"":""biography"",""sourceUrl"":""https://www.lanewaymusic.com.au/themarkofcain"",""summary"":""Biographical information about The Mark of Cain"",""confidenceScore"":1,""checkedAt"":""2026-07-25T04:05:21.317Z""},{""fieldName"":""genres"",""sourceUrl"":""https://www.lanewaymusic.com.au/themarkofcain"",""summary"":""Genres associated with The Mark of Cain"",""confidenceScore"":1,""checkedAt"":""2026-07-25T04:05:21.317Z""},{""fieldName"":""location"",""sourceUrl"":""https://www.lanewaymusic.com.au/themarkofcain"",""summary"":""Location of The Mark of Cain"",""confidenceScore"":1,""checkedAt"":""2026-07-25T04:05:21.317Z""},{""fieldName"":""officialWebsiteUrl"",""sourceUrl"":""https://www.lanewaymusic.com.au/themarkofcain"",""summary"":""No official website URL found"",""confidenceScore"":1,""checkedAt"":""2026-07-25T04:05:21.317Z""},{""fieldName"":""heroAsset"",""sourceUrl"":""https://www.lanewaymusic.com.au/themarkofcain"",""summary"":""No hero asset image URL found"",""confidenceScore"":1,""checkedAt"":""2026-07-25T04:05:21.317Z""}]",2026-07-25T04:54:34.143Z
rca_d57ce9c9,"The Rockwells began as an acoustic country rock duo featuring Ronnie Peel (aka Rockwell T. James) and Bobby Fletcher. They created a spirited repertoire of country, blues and pop classics, releasing an album of favourites (Cover Story) which peaked at #19 on the Australian Blues and Roots Charts in 2015.",0.99,2026-07-25T03:28:27.319Z,,"[""country"",""blues"",""pop"",""rock""]","https://static.wixstatic.com/media/9acc25_e7a33bd9f61f43bc96684220d1f0753f.png/v1/fit/w_2500,h_1330,al_c/9acc25_e7a33bd9f61f43bc96684220d1f0753f.png",,The Rockwells / Rockwell T James,https://www.lanewaymusic.com.au/therockwells,,published,rc_b9181116,rockwells-rockwell-t-james-1e0273,"[{""fieldName"":""biography"",""sourceUrl"":""https://www.lanewaymusic.com.au/therockwells"",""summary"":""The Rockwells began as an acoustic country rock duo featuring Ronnie Peel (aka Rockwell T. James) and Bobby Fletcher."",""confidenceScore"":1,""checkedAt"":""2026-07-25T04:05:52.934Z""},{""fieldName"":""genres"",""sourceUrl"":""https://www.lanewaymusic.com.au/therockwells"",""summary"":""They created a spirited repertoire of country, blues and pop classics."",""confidenceScore"":1,""checkedAt"":""2026-07-25T04:05:52.934Z""},{""fieldName"":""location"",""sourceUrl"":""https://www.lanewaymusic.com.au/therockwells"",""summary"":""No location mentioned."",""confidenceScore"":1,""checkedAt"":""2026-07-25T04:05:52.934Z""},{""fieldName"":""officialWebsiteUrl"",""sourceUrl"":""https://www.lanewaymusic.com.au/therockwells"",""summary"":""No official website URL mentioned."",""confidenceScore"":1,""checkedAt"":""2026-07-25T04:05:52.934Z""},{""fieldName"":""heroAsset"",""sourceUrl"":""https://www.lanewaymusic.com.au/therockwells"",""summary"":""No hero asset image URL mentioned."",""confidenceScore"":1,""checkedAt"":""2026-07-25T04:05:52.934Z""}]",2026-07-25T04:54:34.143Z
rca_9218ee25,,0.99,2026-07-25T03:28:27.319Z,Identity confidence 90% is below 98%.,[],,,Them Swoops,https://www.lanewaymusic.com.au/themswoops,,skipped,rc_b9181116,them-swoops-486464,"[{""fieldName"":""roster_membership"",""sourceUrl"":""https://www.lanewaymusic.com.au/"",""summary"":""Listed as Them Swoops on the official roster."",""confidenceScore"":0.99,""checkedAt"":""2026-07-25T03:28:27.319Z""}]",2026-07-25T04:54:34.143Z
rca_a6d02f89,"Toys Went Berserk was a Sydney-based, post-punk outfit formed in 1985. The band consisted of members from various indie bands and was known for energetic live performances and distinctive music. They released numerous records, toured in the US and Australia, and supported international acts like The Cramps and The Fall.",0.99,2026-07-25T03:28:27.319Z,,"[""post-punk"",""goth""]","https://static.wixstatic.com/media/9acc25_e7a33bd9f61f43bc96684220d1f0753f.png/v1/fit/w_2500,h_1330,al_c/9acc25_e7a33bd9f61f43bc96684220d1f0753f.png",Sydney,Toys Went Berserk,https://www.lanewaymusic.com.au/toyswentberserk,,published,rc_b9181116,toys-went-berserk-a660fb,"[{""fieldName"":""biography"",""sourceUrl"":""https://www.lanewaymusic.com.au/toyswentberserk"",""summary"":""Official biography of Toys Went Berserk on Laneway Music website"",""confidenceScore"":1,""checkedAt"":""2026-07-25T04:06:29.924Z""},{""fieldName"":""genres"",""sourceUrl"":""https://www.lanewaymusic.com.au/toyswentberserk"",""summary"":""Genre information inferred from biography on Laneway Music website"",""confidenceScore"":1,""checkedAt"":""2026-07-25T04:06:29.924Z""},{""fieldName"":""location"",""sourceUrl"":""https://www.lanewaymusic.com.au/toyswentberserk"",""summary"":""Location mentioned in biography on Laneway Music website"",""confidenceScore"":1,""checkedAt"":""2026-07-25T04:06:29.924Z""},{""fieldName"":""officialWebsiteUrl"",""sourceUrl"":""https://www.lanewaymusic.com.au/toyswentberserk"",""summary"":""No official website URL found on Laneway Music website"",""confidenceScore"":1,""checkedAt"":""2026-07-25T04:06:29.924Z""},{""fieldName"":""heroAsset"",""sourceUrl"":""https://www.lanewaymusic.com.au/toyswentberserk"",""summary"":""No hero asset URL found on Laneway Music website"",""confidenceScore"":1,""checkedAt"":""2026-07-25T04:06:29.924Z""}]",2026-07-25T04:54:34.143Z
rca_843fc7f6,"Uppercut is Naarm's newest head-banging band. They define their sound as 'Newah Metal', a mix of rock n' roll, punk, and 90's metal sounds. With vocals by frontman Dylan Beast, and stellar performances by Sam on bass and Corrie on drums, they're set to shake Melbourne's music scene with their energy.",0.99,2026-07-25T03:28:27.319Z,,"[""Rock"",""Punk"",""Metal""]","https://static.wixstatic.com/media/9acc25_2947630136ca462eb78babdca0561754~mv2.jpg/v1/fill/w_1181,h_1181,al_c/9acc25_2947630136ca462eb78babdca0561754~mv2.jpg",Naarm (Melbourne),Uppercut,https://www.lanewaymusic.com.au/uppercut,,published,rc_b9181116,uppercut-655900,"[{""fieldName"":""biography"",""sourceUrl"":""https://www.lanewaymusic.com.au/uppercut"",""summary"":""Official artist page with biography and description of sound and band members"",""confidenceScore"":1,""checkedAt"":""2026-07-25T04:06:50.139Z""},{""fieldName"":""genres"",""sourceUrl"":""https://www.lanewaymusic.com.au/uppercut"",""summary"":""Genres mentioned in biography: rock n' roll, punk, and 90's metal sounds"",""confidenceScore"":1,""checkedAt"":""2026-07-25T04:06:50.139Z""},{""fieldName"":""location"",""sourceUrl"":""https://www.lanewaymusic.com.au/uppercut"",""summary"":""Location mentioned in biography: Naarm (Melbourne)"",""confidenceScore"":1,""checkedAt"":""2026-07-25T04:06:50.139Z""}]",2026-07-25T04:54:34.143Z
rca_1e86f0e4,"Brisbane's Ups and Downs have joined Laneway Music with their catalogue to be made available across the remainder of 2016. The Ups and Downs were seen as future superstars, achieving critical acclaim and a strong fanbase during their all too brief time in the spotlight. Their power pop/rock guitar sound draw comparisons with The Church.",0.99,2026-07-25T03:28:27.319Z,,"[""power pop"",""rock""]","https://static.wixstatic.com/media/9acc25_e7a33bd9f61f43bc96684220d1f0753f.png/v1/fit/w_2500,h_1330,al_c/9acc25_e7a33bd9f61f43bc96684220d1f0753f.png",Brisbane,Ups and Downs,https://www.lanewaymusic.com.au/ups-and-downs,,published,rc_b9181116,ups-and-downs-35d9f6,"[{""fieldName"":""biography"",""sourceUrl"":""https://www.lanewaymusic.com.au/ups-and-downs"",""summary"":""Official biography of Ups and Downs on Laneway Music website"",""confidenceScore"":1,""checkedAt"":""2026-07-25T04:07:09.736Z""},{""fieldName"":""genres"",""sourceUrl"":""https://www.lanewaymusic.com.au/ups-and-downs"",""summary"":""Genre information inferred from biography on Laneway Music website"",""confidenceScore"":1,""checkedAt"":""2026-07-25T04:07:09.736Z""},{""fieldName"":""location"",""sourceUrl"":""https://www.lanewaymusic.com.au/ups-and-downs"",""summary"":""Location mentioned in biography on Laneway Music website"",""confidenceScore"":1,""checkedAt"":""2026-07-25T04:07:09.736Z""}]",2026-07-25T04:54:34.143Z
rca_8898e25c,,0.99,2026-07-25T03:28:27.319Z,Identity confidence 90% is below 98%.,[],,,Vanilla Chainsaws,https://www.lanewaymusic.com.au/vanillachainsaws,,skipped,rc_b9181116,vanilla-chainsaws-82c5c5,"[{""fieldName"":""roster_membership"",""sourceUrl"":""https://www.lanewaymusic.com.au/"",""summary"":""Listed as Vanilla Chainsaws on the official roster."",""confidenceScore"":0.99,""checkedAt"":""2026-07-25T03:28:27.319Z""}]",2026-07-25T04:54:34.143Z
rca_b39c9c01,,0.99,2026-07-25T03:28:27.319Z,Identity confidence 80% is below 98%.,[],,,Violetine,https://www.lanewaymusic.com.au/violetine,,skipped,rc_b9181116,violetine-4ce64c,"[{""fieldName"":""roster_membership"",""sourceUrl"":""https://www.lanewaymusic.com.au/"",""summary"":""Listed as Violetine on the official roster."",""confidenceScore"":0.99,""checkedAt"":""2026-07-25T03:28:27.319Z""}]",2026-07-25T04:54:34.143Z
rca_09ede191,"Virgin Soldiers were one of the hardest working bands of the Melbourne Metal scene from 1980-1990. Drummer Rob Boundy describes the band's music as 'English influenced hard rock with an aggressive Aussie edge'. You can hear the influence of Black Sabbath, Iron Maiden, Deep Purple, Rainbow, Judas Priest, UFO, AC/DC and Rose Tattoo.",0.99,2026-07-25T03:28:27.319Z,,"[""Hard Rock"",""Metal""]","https://static.wixstatic.com/media/9acc25_e7a33bd9f61f43bc96684220d1f0753f.png/v1/fit/w_2500,h_1330,al_c/9acc25_e7a33bd9f61f43bc96684220d1f0753f.png",Melbourne,Virgin Soldiers,https://www.lanewaymusic.com.au/virgin-soldiers,,published,rc_b9181116,virgin-soldiers-b58e8c,"[{""fieldName"":""biography"",""sourceUrl"":""https://www.lanewaymusic.com.au/virgin-soldiers"",""summary"":""Official biography of Virgin Soldiers from Laneway Music"",""confidenceScore"":1,""checkedAt"":""2026-07-25T04:07:55.960Z""},{""fieldName"":""genres"",""sourceUrl"":""https://www.lanewaymusic.com.au/virgin-soldiers"",""summary"":""Genres inferred from biography text"",""confidenceScore"":0.8,""checkedAt"":""2026-07-25T04:07:55.960Z""},{""fieldName"":""location"",""sourceUrl"":""https://www.lanewaymusic.com.au/virgin-soldiers"",""summary"":""Location mentioned in biography text"",""confidenceScore"":1,""checkedAt"":""2026-07-25T04:07:55.960Z""}]",2026-07-25T04:54:34.143Z
rca_d09ace05,,0.99,2026-07-25T03:28:27.319Z,Identity confidence 80% is below 98%.,[],,,Young Modern,https://www.lanewaymusic.com.au/youngmodern,,skipped,rc_b9181116,young-modern-38ea29,"[{""fieldName"":""roster_membership"",""sourceUrl"":""https://www.lanewaymusic.com.au/"",""summary"":""Listed as Young Modern on the official roster."",""confidenceScore"":0.99,""checkedAt"":""2026-07-25T03:28:27.319Z""}]",2026-07-25T04:54:34.143Z
rca_7c9e721a,"The Zimmermen, an Australian country-rock outfit, were formed in June 1983 by John Dowler. They found immediate success on the Melbourne pub-circuit and are best remembered for their standout hit 'Don't Go to Sydney'. The band went through several lineup changes and released their debut single in January 1985. They disbanded in 1990 after a final national tour.",0.99,2026-07-25T03:28:27.319Z,,"[""country-rock""]","https://static.wixstatic.com/media/9acc25_e7a33bd9f61f43bc96684220d1f0753f.png/v1/fit/w_2500,h_1330,al_c/9acc25_e7a33bd9f61f43bc96684220d1f0753f.png",Australia,Zimmerman,https://www.lanewaymusic.com.au/zimmerman,,published,rc_b9181116,zimmerman-4c84bd,"[{""fieldName"":""biography"",""sourceUrl"":""https://www.lanewaymusic.com.au/zimmerman"",""summary"":""The official Laneway Music page for Zimmerman, providing information about the band's history, formation, and discography."",""confidenceScore"":1,""checkedAt"":""2026-07-25T04:10:15.419Z""},{""fieldName"":""genres"",""sourceUrl"":""https://www.lanewaymusic.com.au/zimmerman"",""summary"":""The page describes The Zimmermen as an 'Australian country-rock outfit'."",""confidenceScore"":1,""checkedAt"":""2026-07-25T04:10:15.419Z""},{""fieldName"":""location"",""sourceUrl"":""https://www.lanewaymusic.com.au/zimmerman"",""summary"":""The page mentions that The Zimmermen are an 'Australian country-rock outfit'."",""confidenceScore"":1,""checkedAt"":""2026-07-25T04:10:15.419Z""},{""fieldName"":""officialWebsiteUrl"",""sourceUrl"":""https://www.lanewaymusic.com.au/zimmerman"",""summary"":""No official website URL is present on the page."",""confidenceScore"":1,""checkedAt"":""2026-07-25T04:10:15.419Z""},{""fieldName"":""heroAsset"",""sourceUrl"":""https://www.lanewaymusic.com.au/zimmerman"",""summary"":""No hero asset image URL is present on the page."",""confidenceScore"":1,""checkedAt"":""2026-07-25T04:10:15.419Z""}]",2026-07-25T04:54:34.143Z
rca_5b2a35d7,"The Zorros were a key part of the Australian rock landscape, known for their tight punk sound and stoner attitude. Formed in Brunswick in 1979, the band consisted of Darren Smith, Nic Chancellor, Alex Zammit, and Dharma. They drew inspiration from the Doors, Beatles, and punk bands like the Sex Pistols and Ramones. With over 500 songs written and hundreds of gigs played, they shared the stage with notable bands like Rose Tattoo and INXS.",0.99,2026-07-25T03:28:27.319Z,,"[""rock"",""punk""]","https://static.wixstatic.com/media/9acc25_e7a33bd9f61f43bc96684220d1f0753f.png/v1/fit/w_2500,h_1330,al_c/9acc25_e7a33bd9f61f43bc96684220d1f0753f.png",Brunswick,Zorros,https://www.lanewaymusic.com.au/zorros,,published,rc_b9181116,zorros-0bc4d4,"[{""fieldName"":""biography"",""sourceUrl"":""https://www.lanewaymusic.com.au/zorros"",""summary"":""Official biography of the artist Zorros from the Laneway Music website."",""confidenceScore"":1,""checkedAt"":""2026-07-25T04:11:06.261Z""},{""fieldName"":""genres"",""sourceUrl"":""https://www.lanewaymusic.com.au/zorros"",""summary"":""Genres inferred from the text describing the band's sound and influences."",""confidenceScore"":1,""checkedAt"":""2026-07-25T04:11:06.261Z""},{""fieldName"":""location"",""sourceUrl"":""https://www.lanewaymusic.com.au/zorros"",""summary"":""Location of the band's formation mentioned in the biography."",""confidenceScore"":1,""checkedAt"":""2026-07-25T04:11:06.261Z""},{""fieldName"":""officialWebsiteUrl"",""sourceUrl"":""https://www.lanewaymusic.com.au/zorros"",""summary"":""No official website URL found on the page."",""confidenceScore"":1,""checkedAt"":""2026-07-25T04:11:06.261Z""},{""fieldName"":""heroAsset"",""sourceUrl"":""https://www.lanewaymusic.com.au/zorros"",""summary"":""No hero asset image URL found on the page."",""confidenceScore"":1,""checkedAt"":""2026-07-25T04:11:06.261Z""}]",2026-07-25T04:54:34.143Z
rca_ec8038fb,,0.99,2026-07-25T03:28:27.319Z,Identity confidence 90% is below 98%.,[],,,vSpy vSpy,https://www.lanewaymusic.com.au/v-spy-v-spy,,skipped,rc_b9181116,vspy-vspy-403cd3,"[{""fieldName"":""roster_membership"",""sourceUrl"":""https://www.lanewaymusic.com.au/"",""summary"":""Listed as vSpy vSpy on the official roster."",""confidenceScore"":0.99,""checkedAt"":""2026-07-25T03:28:27.319Z""}]",2026-07-25T04:54:34.143Z
